num__prev_gpa,num__avg_sleep_hours,num__sleep_variability,num__self_reported_study_hours,num__library_days_per_week,num__avg_daily_online_hours,num__typical_connection_window_start,num__stress_level,num__mood_score,num__avg_steps_per_day,cat__department_CIVIL,cat__department_CS,cat__department_ECE,cat__department_MECH,cat__year_1,cat__year_2,cat__year_3,cat__year_4,cat__cafeteria_veg_pref_0,cat__cafeteria_veg_pref_1,cat__roommate_conflicts_reported_0,cat__roommate_conflicts_reported_1
-0.0829518901616516,-0.7745247596375431,0.4045271652314332,0.1480946188303954,-0.5192662769395323,-0.7367223343129655,0.12545966794481364,0.35748485739691566,-0.1462744865863378,-0.11866259217381665,0.0,0.0,1.0,0.0,0.0,0.0,0.0,1.0,0.0,1.0,1.0,0.0
0.15621885530152962,-0.5189495087467525,-0.11260275326112348,0.3149254036301066,0.013934144581778234,0.046415653553628325,-0.4777003955745352,-0.3565054136171205,0.7469002002242092,-0.8052652212080923,0.0,0.0,1.0,0.0,0.0,0.0,1.0,0.0,1.0,0.0,1.0,0.0
0.9308029420868904,0.3181728535315338,-0.829920748865588,0.7791040336322594,0.8019390103115736,0.11729363431168136,-0.3138551885885498,-0.8254559126059765,0.6695444130233367,-0.16334767213023732,0.0,0.0,0.0,1.0,1.0,0.0,0.0,0.0,0.0,1.0,1.0,0.0
-1.422553806400953,1.0879091259131513,1.081309167556046,-0.87559233086087,-0.5852180506906397,0.8218862954319593,0.16389616180451655,0.6123914092389156,-1.1068292492526013,-0.6686087091864743,0.0,0.0,0.0,1.0,0.0,1.0,0.0,0.0,1.0,0.0,1.0,0.0
1.0422392962694724,-0.2758475660200801,-0.7530698104226133,0.9183429255160324,0.8057964149548325,-0.8424151443916811,-0.6818745233568173,-0.5936427912467533,0.761907525311005,-0.3211908518576995,0.0,1.0,0.0,0.0,0.0,0.0,1.0,0.0,1.0,0.0,1.0,0.0
-0.4947615218259077,0.4735965496275607,0.1102429578311328,-0.751771211903133,-0.2451433111212977,0.23036913076424845,-0.2721263367532776,-0.3690338327835182,-0.05096348382992649,0.5346607106027931,1.0,0.0,0.0,0.0,0.0,0.0,0.0,1.0,1.0,0.0,1.0,0.0
0.3493643640279938,-0.8470578269471744,0.43911284501950143,0.28622654897521327,-0.27771804915243553,0.9643176983686546,0.48893304083154543,0.15135064706451604,0.37222159988564485,0.21970735292950694,0.0,0.0,0.0,1.0,0.0,0.0,0.0,1.0,0.0,1.0,1.0,0.0
-0.25526997004425034,-0.720513874485991,0.06503328084661876,-0.6132890263676001,-0.5852180506906397,-0.19923603623803235,0.8552688555602797,-0.018584645222743525,0.18358726544977813,-0.07029676499339658,1.0,0.0,0.0,0.0,0.0,0.0,0.0,1.0,1.0,0.0,1.0,0.0
0.3182303414800413,-0.02064779501360303,-0.509224728824289,0.543848712828188,0.5224818381876808,-0.11514922797657023,-1.1542857478604647,-0.588021873990487,0.6503880519099289,-0.206587434561251,0.0,1.0,0.0,0.0,0.0,1.0,0.0,0.0,0.0,1.0,1.0,0.0
-0.22933495931555986,-0.6009922604909015,0.5353421874005017,0.007366671966185761,0.7005500441625406,0.2991430539628539,-0.4562089175754452,0.11706704633061071,-0.653626615285441,0.6063634766107345,0.0,0.0,1.0,0.0,0.0,0.0,0.0,1.0,1.0,0.0,1.0,0.0
-0.03520035284431819,0.34706753511380634,-0.44358067522450123,0.1787813347483687,0.30394896717686615,0.8729931110279838,-0.44825992679146803,-0.2839431283026142,-0.2271768377251741,0.546318615788407,0.0,0.0,1.0,0.0,0.0,1.0,0.0,0.0,0.0,1.0,1.0,0.0
-0.5245524449232195,0.018391327667254077,0.29923865185771753,-0.3739664038859681,0.12328313305294224,0.9023475320360488,0.7010029898278821,0.03722135992210679,0.3237744458543878,-0.14846145627482427,1.0,0.0,0.0,0.0,0.0,1.0,0.0,0.0,1.0,0.0,1.0,0.0
0.3999519830385492,-1.1761943643783337,0.31180498059385586,0.07503094700415369,-0.4773568329389453,0.4988290510317535,-0.16414859823730077,-0.22821863231273584,0.5288722481953894,0.23287357863700728,1.0,0.0,0.0,0.0,0.0,0.0,1.0,0.0,1.0,0.0,1.0,0.0
-1.2158870868364573,-1.950400859647047,1.3112944365551782,-0.20528867024345138,-0.5852180506906397,1.4916975922821867,0.3577542634211435,0.7095225822229861,-1.0331676535168535,-0.34949455751530506,0.0,0.0,0.0,1.0,1.0,0.0,0.0,0.0,1.0,0.0,1.0,0.0
-0.5608021117034715,-1.950400859647047,0.9665540972607696,0.16239144516606488,-0.5852180506906397,1.274574056713528,0.6810349043205941,0.5114071623000601,-0.3154727270522335,-0.035435951574311356,0.0,0.0,1.0,0.0,1.0,0.0,0.0,0.0,1.0,0.0,1.0,0.0
0.33782840619857984,0.38303516331084403,-0.5290095585223134,0.9064346648705517,1.344964438213903,-0.8348185866273755,0.3227220069560164,-0.9498069550278279,0.5206661447451141,0.7318962476432769,0.0,0.0,0.0,1.0,0.0,0.0,1.0,0.0,0.0,1.0,1.0,0.0
0.8983684925387196,0.8474204562245398,-0.5516223057787281,0.676640029065564,1.3976780180854351,-0.9678540656530493,-1.3730770379183452,-0.744054859236303,0.46157334918339826,0.5342030871187049,1.0,0.0,0.0,0.0,1.0,0.0,0.0,0.0,1.0,0.0,1.0,0.0
0.4426752534978365,0.6317503110698396,-0.829920748865588,0.593906623699096,0.9376612087573529,-0.9161816586910214,-0.199182900221301,-0.3809810310874623,0.8006890532198547,0.24376098690340994,0.0,0.0,1.0,0.0,0.0,0.0,1.0,0.0,1.0,0.0,1.0,0.0
-0.07270879220565131,-0.15914419602789254,0.23306985573082717,-0.373882326764437,-0.15270754203309203,-0.15843624131468678,-0.38449987402343133,0.211672305788789,-0.5764692745238876,-0.44245364829087486,0.0,0.0,1.0,0.0,0.0,0.0,0.0,1.0,1.0,0.0,1.0,0.0
-0.765050881028494,-0.23041993239681746,0.17887404637707635,-0.2014367264673139,-0.10451687887541071,1.5507321972592807,0.7122360726569774,-0.007532690092777319,0.21856113235521282,-0.8583470153783626,0.0,0.0,1.0,0.0,0.0,0.0,0.0,1.0,0.0,1.0,1.0,0.0
0.3168882412400018,0.3696676378777065,-0.3047856401644847,-0.1149663405927878,-0.3381647787156291,-0.9850029307800641,0.17763060428045727,-0.34057227137594664,-0.0005441530248792367,0.4595073555315962,0.0,0.0,1.0,0.0,1.0,0.0,0.0,0.0,0.0,1.0,1.0,0.0
0.5855660441988925,-1.6569267415498392,0.03000501032186437,-0.08062835166628851,-0.05942403773502645,-0.08010141384978221,0.1422709838903535,0.17787994530915044,0.2584898626555515,0.6940771134524995,0.0,1.0,0.0,0.0,0.0,0.0,0.0,1.0,0.0,1.0,1.0,0.0
0.3369694788106701,0.3812229164171159,0.6774548546947171,-0.2993162793496346,0.5149386676832667,0.039041908875182975,0.5126042641315331,-0.03349480078355519,0.3436727790831962,-0.01058352036506979,1.0,0.0,0.0,0.0,0.0,0.0,0.0,1.0,1.0,0.0,1.0,0.0
0.9216244877944411,0.5073990224261177,-0.7557037715783169,0.019977831080009,1.211361896967518,-1.0680873700253128,-1.0256022789571566,-0.5659767224781298,-0.2822044199718169,0.5728178645894106,0.0,0.0,0.0,1.0,0.0,1.0,0.0,0.0,1.0,0.0,1.0,0.0
-1.022761713351935,0.5605303649133602,0.9858711250985897,-0.9176516081467246,-0.5852180506906397,1.1378912026829804,0.7010674510649699,0.9146532756107673,-1.3524547929399213,-1.5003056386678757,0.0,0.0,1.0,0.0,1.0,0.0,0.0,0.0,0.0,1.0,1.0,0.0
-0.7958515679593067,-0.4266680410911131,0.16274296551067885,-0.1994246758678835,0.16371076909730511,0.2644561157261043,0.9366447226841802,0.1420517218417777,0.10717034347999278,-0.22006818198962672,0.0,0.0,1.0,0.0,0.0,0.0,0.0,1.0,1.0,0.0,1.0,0.0
-0.18302787530300027,-0.8394066899650955,0.18448552950973782,-0.02481568597915933,0.11038938878833418,-0.03936552662672371,0.3554038715971545,0.5551825364056522,-0.08702265589391815,0.022549432684074056,0.0,0.0,1.0,0.0,0.0,1.0,0.0,0.0,0.0,1.0,1.0,0.0
-0.9796131648032207,0.42939516460907534,0.8266876083806072,0.008989197530133898,-0.5852180506906397,-0.3997436894194,-0.1713872233433442,0.2940609859448723,-0.15308794483682608,-1.4346295174147048,0.0,0.0,1.0,0.0,0.0,0.0,0.0,1.0,1.0,0.0,1.0,0.0
-1.3412157573747174,-0.8370777864994153,0.9771693028795879,-0.7140699406489314,-0.4803142782357351,0.4505734080481787,0.694510628095672,0.9530416501826877,-1.3970392796097186,-1.2618383611259167,0.0,0.0,0.0,1.0,0.0,0.0,0.0,1.0,1.0,0.0,0.0,1.0
-1.5694555465833597,-1.3727073769614677,0.8747531378318325,-0.399650550159013,-0.14873871483912493,0.24991566959753664,1.2659439114284798,0.26994420350664905,-1.3165508573393383,-0.8068547587713973,0.0,1.0,0.0,0.0,0.0,0.0,1.0,0.0,1.0,0.0,1.0,0.0
0.6428172368629117,0.7518996669935012,-0.304412392829549,0.27212651699523605,0.7766106043075146,-0.8424458225373692,-0.4592566520762568,-0.4624678184044227,0.26643902314266343,-0.15019946230110184,0.0,0.0,1.0,0.0,0.0,1.0,0.0,0.0,0.0,1.0,1.0,0.0
-0.47411461535242055,0.19189534224757251,-0.3407498289669326,0.43358900231206027,0.02739366176884257,0.08644695115392699,-0.4904183862980965,-0.20637267810544463,-0.21587496491213817,-0.016018403760521122,0.0,1.0,0.0,0.0,0.0,1.0,0.0,0.0,1.0,0.0,1.0,0.0
0.5214985988063086,0.8933928573908541,-0.390222929347628,0.3324253590945877,0.21458616269716754,-0.7918261502511503,-0.6717847744015115,-0.18318195499495954,0.808368172874924,0.6572845437122156,0.0,1.0,0.0,0.0,0.0,0.0,0.0,1.0,1.0,0.0,1.0,0.0
-0.20032258673711265,0.010269075837765112,-0.11039495566104782,-0.07338207246545213,-0.23447022798833905,0.910203130665704,-0.05621083130773644,0.5539266727282153,-0.16682927481369914,0.003406168190157446,0.0,0.0,1.0,0.0,0.0,0.0,0.0,1.0,1.0,0.0,1.0,0.0
-0.26245940413479724,0.18554805209156938,0.425656796663742,-0.09829690138572873,-0.10697824608606506,-0.18414897634796515,0.25301203585961407,0.2972709728729358,0.5606924877742108,0.8119097214063915,0.0,0.0,1.0,0.0,0.0,0.0,0.0,1.0,0.0,1.0,1.0,0.0
-1.4468541809483044,-0.37366204786797,0.9820885424631542,-0.28589087405391495,-0.5852180506906397,0.32839755499662,0.9827833885978761,0.9141728511803909,-1.3338086988860163,-1.3426661128894817,0.0,1.0,0.0,0.0,1.0,0.0,0.0,0.0,0.0,1.0,0.0,1.0
0.6870246092878246,0.3119464465303023,-0.08509329651377735,-0.006787205526818589,0.8846579588756361,-0.3906182558471564,-0.297297777112163,-0.6789046151915015,0.7663542442981178,0.9048040371826974,0.0,0.0,1.0,0.0,0.0,0.0,1.0,0.0,1.0,0.0,1.0,0.0
0.09848185678889203,0.10717882872153153,-0.6439631116604166,-0.08325081904666702,0.18279191405280873,0.1495153656052583,-0.08247711176712068,-0.41101739164369705,0.7746618925114754,0.34880324325160666,0.0,1.0,0.0,0.0,0.0,0.0,1.0,0.0,0.0,1.0,1.0,0.0
0.3872240854360385,0.8228181043401532,-0.62979965945124,0.8545298511023546,0.7229610027607052,-1.0491778572737114,-0.1022245018041498,-0.3682906078216544,0.477130492430561,-0.3337842349151155,0.0,1.0,0.0,0.0,0.0,0.0,0.0,1.0,1.0,0.0,1.0,0.0
0.3946356194621009,0.3780849929442059,-0.4954224911224268,1.390805328471029,1.7773240540386652,-0.9669904884285881,-0.679621584947944,-0.497883797605956,0.336465502178769,0.4059150707236101,0.0,0.0,0.0,1.0,0.0,0.0,0.0,1.0,1.0,0.0,1.0,0.0
-0.6781535701709758,-1.3749538399187151,1.1030610522534354,-0.16464822143325406,-0.5852180506906397,0.23802907070928656,0.5170068720878855,0.895738411098916,-0.6368425228325051,-0.5062067029253158,0.0,0.0,1.0,0.0,0.0,0.0,1.0,0.0,0.0,1.0,1.0,0.0
0.1891667359316513,-0.07478858483406631,-0.5026901527789518,-0.1104209451302167,-0.006758982527263072,-0.469520691676567,0.3483630003424273,-0.1876627847065311,-0.19187451327143215,0.5913854336648536,0.0,0.0,0.0,1.0,1.0,0.0,0.0,0.0,0.0,1.0,1.0,0.0
-0.8826778521334849,0.5414534256565157,1.057627424553433,-0.731432705322029,-0.5852180506906397,0.6234006767935089,1.171089716181102,0.92376444084759,-0.29368317362489443,-1.369426737872403,0.0,0.0,0.0,1.0,0.0,0.0,0.0,1.0,0.0,1.0,1.0,0.0
-0.21749437704011743,0.34911343522327154,-0.35897055814000844,-0.337023328882756,0.17709231799245106,-0.5494051640303245,-0.070798365011009,-0.5475197807833638,0.3824649018916251,-0.20957245823107815,0.0,0.0,0.0,1.0,0.0,0.0,1.0,0.0,0.0,1.0,1.0,0.0
-0.050484590813155795,-1.0275707243403496,0.3639386796128,-0.3520631086181986,0.2410497487611342,-0.9530675675696112,0.21369555832224943,-0.2691314161582338,0.11147448129273753,0.34990731089893695,0.0,1.0,0.0,0.0,1.0,0.0,0.0,0.0,0.0,1.0,1.0,0.0
-0.03738720679279694,0.08551322337795786,0.06422922198846812,-0.18577035742978715,0.07763457478878909,-0.026641762532996296,-0.48167946294521186,-0.20505620260015994,-0.1789932356259285,-0.3694300634843838,0.0,1.0,0.0,0.0,0.0,0.0,1.0,0.0,0.0,1.0,1.0,0.0
1.0077243018911155,0.8187316264431326,-0.53655022918396,0.9701372007957455,1.2495571576403166,-1.0680873700253128,-0.7515627438970985,-1.0448405802789087,0.28219048078892783,0.17706770593764112,0.0,0.0,0.0,1.0,0.0,1.0,0.0,0.0,0.0,1.0,1.0,0.0
-1.2496789992743227,-1.950400859647047,0.9572551150134866,-0.9208776921986465,-0.10610895744584832,0.20434508572343268,0.8927717730501143,0.8122592449836297,-1.0758905170685942,-0.9313988556709277,0.0,0.0,1.0,0.0,0.0,0.0,1.0,0.0,0.0,1.0,0.0,1.0
-0.07949573052885503,-0.4802029052508061,-0.32953367154390334,0.7755025507601375,0.1658474658681807,0.727495335928109,-1.421181836155345,-0.36793802817696825,-0.6080349720570876,0.6442232354394327,0.0,0.0,0.0,1.0,0.0,1.0,0.0,0.0,1.0,0.0,1.0,0.0
0.3375767554042276,-1.6208180038959343,0.3441829963212238,-0.42174017598691926,0.09983860860087865,0.6422363965799041,0.4262792677079452,0.07835704939749125,-0.22738164231906974,-0.7398291284660705,1.0,0.0,0.0,0.0,1.0,0.0,0.0,0.0,0.0,1.0,1.0,0.0
0.8848446510150996,0.07847096608008275,-0.38108314196546517,0.4573314965983769,0.05106031098667663,-0.7255753187510494,-0.2561606597360642,-0.369552062855264,-0.328443252178284,0.742596821518193,0.0,0.0,1.0,0.0,1.0,0.0,0.0,0.0,1.0,0.0,1.0,0.0
-1.0917914419743813,-1.950400859647047,1.0946355338966522,-0.7504480021910318,-0.35623124229566483,-0.11430684060161797,0.7179792197945134,0.9064715027551141,-1.7862683876424268,-1.0409782718636285,0.0,0.0,0.0,1.0,0.0,0.0,0.0,1.0,0.0,1.0,1.0,0.0
-0.24533387550134297,0.48438815552640585,-0.48114458720739806,-0.5507020541212929,0.47368448973314936,-0.2503454669254945,0.2929928614577697,-0.02770165592803457,0.31877574775501827,0.35662478576607887,0.0,0.0,0.0,1.0,1.0,0.0,0.0,0.0,1.0,0.0,1.0,0.0
-1.5706341233900383,-1.7564210423803734,1.0099737531640762,-0.37624624619654085,-0.5852180506906397,1.5103401320718732,0.7244405048629317,1.0699935659788689,-1.1675147290259797,-1.7281662319466007,0.0,0.0,1.0,0.0,0.0,1.0,0.0,0.0,1.0,0.0,1.0,0.0
0.8104180489866316,0.18418344783647633,-0.829920748865588,1.3657861323080522,1.457579299712612,-0.868418933161576,-0.839542114153155,-0.8112188352993939,1.2613418894002175,0.3092841054911014,0.0,0.0,0.0,1.0,0.0,1.0,0.0,0.0,0.0,1.0,1.0,0.0
-0.16246076028786874,-0.9886502588702953,-0.6578314816693687,0.41534604121352314,0.4671265293152779,-0.7317219679309719,-0.37426425440322303,-0.34383568193508773,-0.15905495171608325,0.1368103884226213,0.0,1.0,0.0,0.0,0.0,1.0,0.0,0.0,1.0,0.0,1.0,0.0
0.02470709724074993,-0.97176199271573,0.32091546849677266,0.2844877563104772,-0.04509677022643118,0.8149318803398948,-0.8082806371328795,0.017802816630587876,0.4534034035129437,-0.05341199854001117,0.0,1.0,0.0,0.0,0.0,1.0,0.0,0.0,1.0,0.0,1.0,0.0
0.09003868429979371,0.7833839953995889,-0.4272970986901777,0.3819480023268898,0.6931549138263244,-0.06618060989871401,-0.4998207024945174,-0.4237341925217184,0.5546981763726893,0.7280849248779921,0.0,1.0,0.0,0.0,0.0,1.0,0.0,0.0,0.0,1.0,1.0,0.0
0.15417649898028574,0.49617128352558715,-0.252630982382394,0.19730346642911933,0.4995913632189616,0.037386844527695896,0.21493036476459593,-0.11667705243145989,0.9450433596719504,0.6143789222100593,0.0,0.0,0.0,1.0,0.0,0.0,0.0,1.0,1.0,0.0,1.0,0.0
-0.5149221841714203,-0.5505385882243666,1.1417425408165505,0.060749777062620997,-0.20378129335894588,1.6530848224581034,0.7266455265809622,0.4874718035437764,-0.0678084184274363,-1.2998521448840812,0.0,0.0,1.0,0.0,1.0,0.0,0.0,0.0,1.0,0.0,1.0,0.0
0.6781078627829901,0.2293867395140696,-0.40167985705784337,0.24301301121640587,-0.2598945743086468,0.167678779625029,0.3205772217095439,-0.27198635109961694,0.66760088084025,0.4049676660930819,0.0,1.0,0.0,0.0,0.0,0.0,0.0,1.0,0.0,1.0,1.0,0.0
-0.41591289659579883,-0.3288588869635967,0.1953261074307346,-0.12608767038638857,-0.5852180506906397,0.12097734552962068,0.45981583726482617,-0.13385325880538743,-0.1340568441809417,0.1256983517101605,1.0,0.0,0.0,0.0,0.0,0.0,0.0,1.0,1.0,0.0,1.0,0.0
-1.7901240879724392,-1.950400859647047,0.4909792818537403,-0.9208776921986465,-0.5247344810748756,0.650882558898935,0.7545970016441784,1.0699935659788689,-0.9211752803894533,-1.3430770639884873,0.0,0.0,1.0,0.0,0.0,0.0,1.0,0.0,0.0,1.0,1.0,0.0
0.19572995617167793,-1.2902866843990775,-0.042201134174253675,-0.010530553768031994,-0.5852180506906397,0.03935458496664927,0.6094211619216279,0.28466210361938216,-0.6501826561932709,-0.5562159856267227,1.0,0.0,0.0,0.0,1.0,0.0,0.0,0.0,1.0,0.0,1.0,0.0
0.6956075484218506,0.04351073560288982,-0.46684349917991635,1.0937250231768803,1.5540331874459499,-0.6320369994271376,-0.6900012943287662,-0.7218344159121292,1.022951408745687,0.65874855562283,0.0,1.0,0.0,0.0,0.0,0.0,1.0,0.0,0.0,1.0,1.0,0.0
0.16105112649572254,-0.3038208476501155,-0.7617030390112701,0.07835165571628319,0.1948322199568573,-1.0680873700253128,-0.08227930878261859,-0.3684802459056356,-0.3030922941574178,1.3621002676505143,0.0,1.0,0.0,0.0,0.0,0.0,0.0,1.0,1.0,0.0,1.0,0.0
-1.1956622095016134,0.6833362203746673,1.0594414938226233,-0.46030088076330344,-0.5852180506906397,0.2618185349647413,0.5201125811063615,0.6413326418410392,-1.577751214621247,-1.5662160191194812,0.0,1.0,0.0,0.0,0.0,1.0,0.0,0.0,1.0,0.0,1.0,0.0
-0.07375035390511017,-1.1791623357964491,0.20461483475925887,0.6411117700559615,-0.07467171729986037,0.035809785859034465,0.23238095526103092,-0.013296573924739642,0.4252990879695164,-0.41913560593404325,0.0,0.0,1.0,0.0,1.0,0.0,0.0,0.0,0.0,1.0,1.0,0.0
0.9074185171353096,0.05850408575489449,-0.4402362747336093,1.3347056754114826,0.8411149979286281,-0.41097718008579104,-0.16190182371504272,-0.6603185677731699,1.0064029297261297,0.2899727499292675,1.0,0.0,0.0,0.0,0.0,0.0,1.0,0.0,1.0,0.0,1.0,0.0
-0.26831798161364556,-0.6866611092895982,0.24722999713925037,-0.443616608697029,-0.20283028898570157,0.8064847438520139,1.1239849518441614,0.3071115886096544,0.6559569616194492,-0.09453643532845382,0.0,0.0,0.0,1.0,0.0,0.0,1.0,0.0,0.0,1.0,1.0,0.0
0.20917214158062114,-0.01370913366487918,-0.18996613104073032,-0.24430744764624926,0.27345480731749855,0.40938480842868225,-0.4758693690024863,-0.21382046260842916,-0.11380717374639059,0.6303152896754426,0.0,0.0,1.0,0.0,0.0,0.0,1.0,0.0,1.0,0.0,1.0,0.0
-1.3683770953202743,-1.3409491110683531,0.887138997936715,-0.5438699499156991,-0.5852180506906397,0.5851618232668887,0.2797416715291226,0.5567906162226858,-1.2459721439559013,-0.8960261567332769,0.0,0.0,0.0,1.0,0.0,1.0,0.0,0.0,1.0,0.0,1.0,0.0
0.8220350842475416,0.48372188567655755,-0.7351165778218643,1.1127409048318773,1.014635705875944,-0.4658032831552334,-0.503948364204496,-0.5665348760789447,0.0914017349371218,0.6051787068697114,0.0,0.0,0.0,1.0,0.0,0.0,1.0,0.0,1.0,0.0,1.0,0.0
-0.6690649153042119,-1.0899797024009148,-0.42899044315849444,0.07758858838957104,0.5364000802629914,-0.23085132860249344,-0.07961641944516602,-0.4475583443836936,-0.29277015702360676,0.7487115184236011,0.0,1.0,0.0,0.0,0.0,0.0,0.0,1.0,0.0,1.0,1.0,0.0
-0.03819041599902263,-0.8059787579565318,-0.04686729014349053,0.13967172694470908,0.15272543514164444,0.31964853287560313,0.10843405524127117,0.6701892240975967,-0.5342485645126828,0.03902727701596375,0.0,0.0,0.0,1.0,0.0,0.0,1.0,0.0,0.0,1.0,1.0,0.0
-0.30683136826713986,-0.9464148797581616,-0.21131625697170828,-0.1800548555338914,-0.3254489271050629,-0.8688711674536285,-0.5441277896996539,0.3063130022574558,0.34363053985950204,-0.518754636317693,0.0,0.0,0.0,1.0,0.0,0.0,0.0,1.0,1.0,0.0,1.0,0.0
-0.602384762946495,-1.950400859647047,0.8330470355872341,-0.9208776921986465,-0.5852180506906397,1.6530848224581034,0.8663759842900537,0.8978271464890949,-1.2928354896819012,-1.0626485698417683,0.0,0.0,0.0,1.0,0.0,1.0,0.0,0.0,1.0,0.0,1.0,0.0
0.732355109825506,0.23229791095980662,-0.48918530186258774,0.09966586773615242,-0.4981902346904807,-0.4213433562973553,-0.10932840010836814,-0.35286134701802807,0.7308825774007824,0.6282578208514533,1.0,0.0,0.0,0.0,0.0,0.0,1.0,0.0,0.0,1.0,1.0,0.0
-0.2859956482921329,-1.0451111974471332,0.3243247144944328,-0.16264682368104968,-0.10741098223432463,-0.6630244728624541,0.4476406809272016,0.45694891267224097,-0.7574534719997493,-0.9541172003939743,1.0,0.0,0.0,0.0,0.0,0.0,0.0,1.0,1.0,0.0,1.0,0.0
0.5748257577158206,-0.5164803281741687,-0.5698475559376144,1.6291177563054664,1.2078741140269733,-0.23986631518652676,-0.1473316458536738,-0.41993493600646786,-0.042046108286566845,0.2840039627054912,0.0,1.0,0.0,0.0,1.0,0.0,0.0,0.0,1.0,0.0,1.0,0.0
-1.2909900036739228,-0.18026731634750157,1.1994100072295375,-0.7064225487867828,-0.31999132441838696,0.9062862264186361,0.2906186147195198,0.8356203483705916,-0.3239081920611037,0.1641570982919399,1.0,0.0,0.0,0.0,0.0,0.0,0.0,1.0,0.0,1.0,1.0,0.0
0.3279208977329596,-0.06461461984069579,0.27965198789505685,-0.13872616522984346,-0.2057253695686848,0.4529228434954113,0.8041395399721101,0.46401457994335715,0.6072229445285342,-0.263489081146676,0.0,1.0,0.0,0.0,0.0,1.0,0.0,0.0,0.0,1.0,1.0,0.0
-1.5932563665928605,1.3540741871986528,1.0819918312347268,-0.4716678542901419,-0.5852180506906397,0.5992203557988371,1.8952651122339879,0.5342348488981895,-0.9570540233307862,-0.3566337858537525,1.0,0.0,0.0,0.0,1.0,0.0,0.0,0.0,1.0,0.0,1.0,0.0
0.48896559596859795,-0.40792671803564856,0.5292003100946008,-0.07810794810631339,-0.3329096708566613,0.4799439477202943,0.4024029397556238,-0.05095415431655893,-0.34111257039824733,0.6275515275307524,0.0,0.0,0.0,1.0,0.0,1.0,0.0,0.0,0.0,1.0,1.0,0.0
0.2980043815852712,0.06614477722710349,-0.04242960018267677,0.07519815973234881,-0.32462380783224204,0.4150238460205508,-0.39058886116347635,-0.686099246814492,-0.5289748295855924,0.8665831136638594,0.0,1.0,0.0,0.0,0.0,1.0,0.0,0.0,1.0,0.0,1.0,0.0
-0.07421199952395668,0.3575955648669211,-0.6289119029836651,-0.12417404069515076,1.143445600219716,0.1839190326564912,0.10435139577601807,-0.8333287188255568,0.8271965582706955,0.5485413599461754,0.0,1.0,0.0,0.0,0.0,0.0,1.0,0.0,1.0,0.0,1.0,0.0
-1.3597124162496368,0.5332900915153422,0.9608329978616202,-0.21624563345634168,-0.4626179710580876,1.155133500424491,0.5679575726893582,0.4033077184365626,-0.7204549568723052,-1.0831262429587918,0.0,0.0,0.0,1.0,0.0,1.0,0.0,0.0,1.0,0.0,1.0,0.0
0.7014600444447949,0.32885080973636743,-0.5312155183842407,0.7355595966900543,1.0211274976049063,-0.4969260370365199,-1.2037110099395267,-0.7186361763431722,0.38243858616937815,0.023476564888460883,0.0,1.0,0.0,0.0,1.0,0.0,0.0,0.0,0.0,1.0,1.0,0.0
0.38713548334564446,0.2425855761789433,-0.829920748865588,1.116882945022846,1.8082786153085906,-0.2977420289462052,-1.1276666932602368,-0.9807240728157044,0.08548196923133157,0.9789352984191526,0.0,1.0,0.0,0.0,0.0,1.0,0.0,0.0,1.0,0.0,1.0,0.0
0.5285212521313095,0.45803073501198077,-0.6147607856794187,0.8583836758920936,1.360690462252701,-0.7979666293851304,-1.0650655804883182,-0.7423672092190802,0.925221239463119,-0.013724677543666493,1.0,0.0,0.0,0.0,0.0,1.0,0.0,0.0,0.0,1.0,1.0,0.0
-0.18172522288803813,-0.6385556300666599,0.040328346579149056,0.48048930834919645,-0.378378234406123,1.3437908132389664,0.49033592035831475,0.6325316526431164,0.39810274896578907,-0.014873808270993253,0.0,0.0,0.0,1.0,0.0,1.0,0.0,0.0,0.0,1.0,1.0,0.0
0.14513878305170133,-0.7920148253072719,0.44286282357979284,0.0786559772310027,0.05226449303002783,-0.058562273201349,0.34248240431810206,0.2944542371114096,0.03895243438551584,0.29058956170561984,1.0,0.0,0.0,0.0,1.0,0.0,0.0,0.0,0.0,1.0,1.0,0.0
0.13697303845756517,-0.48241871372639494,-0.05481257261163189,-0.6600687328359224,0.19298447520669704,0.3942603741904028,0.7383954889401766,0.34538366502272616,-0.009657690090097709,-0.18582714415037516,0.0,1.0,0.0,0.0,0.0,1.0,0.0,0.0,1.0,0.0,1.0,0.0
-0.13165412866258452,-1.950400859647047,0.15505990365545821,-0.07655974303523853,0.27161417446458747,-0.05550219500069756,-0.36621026451126026,0.20610881495091146,-0.4851752824235997,-0.2169769229690369,0.0,0.0,0.0,1.0,1.0,0.0,0.0,0.0,1.0,0.0,1.0,0.0
-1.1696337428374588,-0.703990478899047,0.8591058708009438,-0.589861472121812,-0.3745383213191733,0.7195738482659616,0.8952357517046351,1.0699935659788689,-1.4301591576041153,-0.15142925147539438,1.0,0.0,0.0,0.0,1.0,0.0,0.0,0.0,1.0,0.0,1.0,0.0
0.2296861231986732,0.40212332266189343,-0.5993310723698033,0.790057664473926,0.4284832218691522,-0.9108580155682874,-0.6989462852648074,-1.1059487012249454,0.3141921289226687,-0.4041248330997185,0.0,0.0,0.0,1.0,0.0,0.0,1.0,0.0,0.0,1.0,1.0,0.0
0.22946614521665756,0.2685635704351079,-0.45197086928537494,0.18264472043254618,-0.35254931790201277,-0.05218548499657757,-0.1709518627162285,-0.037568689880267264,-0.6323391813574725,-0.03107187160530968,0.0,0.0,0.0,1.0,0.0,0.0,1.0,0.0,1.0,0.0,1.0,0.0
0.8122597934489613,-0.8850028951732545,0.15153054855703807,-0.4764765690340109,-0.24716428089323447,0.8777965937255683,0.11740357176576796,0.19286164914510023,0.2974638047721588,-0.019280932835202495,1.0,0.0,0.0,0.0,0.0,1.0,0.0,0.0,0.0,1.0,1.0,0.0
-1.6441292052071346,-0.711687994030356,1.0106002652848018,-0.4487671178258451,-0.48809281506088453,0.7646608581348249,1.041739206768563,0.7873459368249581,-0.6366722637290396,-1.132621125060536,0.0,0.0,0.0,1.0,1.0,0.0,0.0,0.0,1.0,0.0,0.0,1.0
0.24636521570994743,0.4679084683646843,-0.5615268572231216,0.36512623138881073,1.2115134605729816,-1.0680873700253128,-1.4091800967285035,-0.21976034431795627,0.7711107887568455,0.4468179016880469,0.0,0.0,1.0,0.0,1.0,0.0,0.0,0.0,0.0,1.0,1.0,0.0
0.8855346596112814,0.013177319358713423,-0.4851710592516398,1.6847582059503257,1.1532866245285998,-1.0680873700253128,-0.5059830976528071,-0.7104189737930963,1.0060931283878216,0.48738221881178245,0.0,0.0,1.0,0.0,0.0,0.0,1.0,0.0,1.0,0.0,1.0,0.0
-1.4333922445657912,0.26813966738697,0.7883212134446739,-0.3316895074248595,-0.040043045464847715,1.3640399976736253,0.7842360943408618,0.9729441706402513,-0.628244802587953,0.0027287464105513423,0.0,1.0,0.0,0.0,0.0,0.0,1.0,0.0,1.0,0.0,1.0,0.0
-0.029102102353051072,0.22916996328608769,0.4258776231540652,-0.6409618747171953,-0.3640204646663112,0.18670365769458686,-0.5371605732228819,0.20356689158592145,-0.15838284995484322,0.5241989695510756,1.0,0.0,0.0,0.0,0.0,1.0,0.0,0.0,1.0,0.0,1.0,0.0
-1.1683229653368097,-0.6134481525730093,0.8749960304421843,-0.4629074642323969,-0.4531507121335094,1.0294430601610922,0.8272703520319727,0.8139900316359286,-1.000268600786229,-0.6349469153170617,1.0,0.0,0.0,0.0,0.0,0.0,0.0,1.0,0.0,1.0,1.0,0.0
-0.5468782716881806,-0.12976928984482194,-0.19675515940215993,0.08179926143374593,0.8566610653383814,-0.1901723541062332,-0.24246965671423357,-0.10689247477960201,0.6907761885796396,0.442222891359478,0.0,1.0,0.0,0.0,0.0,0.0,0.0,1.0,1.0,0.0,1.0,0.0
1.3312270119364484,0.3468103350727695,-0.7634855168227712,0.41525088731771687,1.0589312128276354,0.14502946240775422,-0.17119890028503604,-0.8787412577762752,0.2887156199467832,0.38587537330970645,0.0,0.0,0.0,1.0,0.0,0.0,1.0,0.0,0.0,1.0,1.0,0.0
-1.1060107431303108,-1.950400859647047,0.8766206928754086,-0.9208776921986465,0.022674993052370876,-0.11015064906494894,0.906900182799772,0.4909449535615058,-1.81348973174767,-0.12991972936348486,0.0,0.0,1.0,0.0,0.0,0.0,0.0,1.0,0.0,1.0,1.0,0.0
0.050235945826538925,-0.3510354972827816,-0.5787780784054043,0.5359731289333259,-0.20364163333468072,-0.4926649418946626,-0.554310055449173,-0.7058260551337082,0.16091048569641747,0.4764182988031607,0.0,0.0,1.0,0.0,0.0,0.0,0.0,1.0,1.0,0.0,1.0,0.0
-0.011385953632913129,-0.6771463831776429,-0.32734047793343934,0.2016607560536974,0.28784798045559007,-0.8292589722579294,-0.25138038382833394,0.1720460212690858,0.9738567611962141,0.024453938357782815,0.0,0.0,1.0,0.0,0.0,1.0,0.0,0.0,1.0,0.0,1.0,0.0
0.3989724546186543,0.12455733026417672,-0.32884996142440226,0.7914944141410856,1.0926192798109953,-1.0680873700253128,-0.9964090670094802,-1.1043574922445667,1.0696425250347839,0.9732893474426352,0.0,0.0,1.0,0.0,0.0,1.0,0.0,0.0,1.0,0.0,1.0,0.0
0.06952740399231118,-0.15107009649280032,0.2319782307124309,0.1368557527580793,0.43322821142470463,0.9332431616622132,-0.1395662711804705,0.08193353323817565,-0.9611466591421578,-0.5556643648507789,0.0,0.0,1.0,0.0,0.0,0.0,0.0,1.0,0.0,1.0,1.0,0.0
-0.11681232936826609,-0.7016612157284563,-0.023244948516533415,-0.366265027946712,-0.10607657883683044,-0.512761241113747,-0.5137818719924392,0.534897174372562,-0.5059748811847755,-0.97303049299058,0.0,0.0,1.0,0.0,0.0,0.0,1.0,0.0,1.0,0.0,1.0,0.0
0.42247383930496196,0.2316266484903956,-0.16186864321351188,0.44993381849184155,-0.02476377617522986,0.187013645523956,0.015812725031954876,-0.07842877763150187,0.7041149044075308,1.0387976210673615,1.0,0.0,0.0,0.0,1.0,0.0,0.0,0.0,0.0,1.0,1.0,0.0
0.5621320640831896,0.1473468141094864,-0.42332265714163425,-0.0709192483578052,-0.41680308330467014,-0.5299026833531232,0.0036888561788614572,-0.2712093064179968,0.13349482787937939,0.29454737962090266,0.0,0.0,0.0,1.0,0.0,1.0,0.0,0.0,1.0,0.0,1.0,0.0
-0.2962646195885106,-0.8052364283015381,0.0728632800375377,-0.23736052632010207,-0.5091137309247412,-0.4572481406689729,-0.33542234505990987,0.14841997602191098,0.11453147434735318,-0.3164427562433274,0.0,0.0,0.0,1.0,1.0,0.0,0.0,0.0,1.0,0.0,1.0,0.0
-0.9958749337495858,1.4906556519003802,0.7237837539106874,-0.6875400489111084,-0.5852180506906397,0.6096968414130466,0.21036141555288448,1.0699935659788689,-0.7377534470195618,-0.3313057453400281,0.0,1.0,0.0,0.0,0.0,0.0,1.0,0.0,1.0,0.0,1.0,0.0
-1.1013212155147123,-1.9391577862728349,0.9550277067730323,0.14610267108346472,-0.5024703117043895,1.150005363673288,0.5165211134857897,0.7358473975633795,-1.0255896395033826,-1.9357543480647594,0.0,0.0,1.0,0.0,0.0,0.0,0.0,1.0,0.0,1.0,1.0,0.0
-0.12878380371130116,-0.9172244760100158,0.4403929923508781,-0.2866418314790813,-0.5003487635403029,-0.4678141600159067,0.05806866999556517,0.37875245806011226,0.035294639601586845,-1.1199970525101204,0.0,1.0,0.0,0.0,1.0,0.0,0.0,0.0,0.0,1.0,1.0,0.0
0.6467411975378475,-0.00954381854416094,-0.6998735200840968,1.0942302044595498,0.8844620624121693,0.03432487367942197,-0.8519587781073581,-0.2531324322362718,0.3115059218862903,1.2162296734331788,1.0,0.0,0.0,0.0,0.0,0.0,0.0,1.0,1.0,0.0,1.0,0.0
0.9053235724191745,0.02443200909394005,-0.6717426150119064,0.3039316663418621,0.7544363432558308,-0.36320814905618526,-0.12163769170436858,-0.15252788580874566,0.09157057925859949,-0.334134579501211,0.0,1.0,0.0,0.0,0.0,0.0,1.0,0.0,1.0,0.0,1.0,0.0
0.43682747727327814,0.7517781661770199,-0.33643577763011434,0.7137742658988315,-0.3340520274302089,0.06702895734099763,-0.8663753503374206,-0.7480035344397842,1.1581931598500843,0.615123912425243,1.0,0.0,0.0,0.0,1.0,0.0,0.0,0.0,0.0,1.0,1.0,0.0
0.04174891123124311,-0.30338407177808224,-0.5467408705824457,0.36999553306162236,0.312189947691634,-0.2750053041796559,0.06533746487285569,-0.348461732061331,0.30340393141921096,0.6552489492580016,1.0,0.0,0.0,0.0,0.0,0.0,0.0,1.0,0.0,1.0,1.0,0.0
0.14785404072697353,-1.8820364273169423,0.2972768930102072,-0.38047555513254067,0.5209836388766603,0.3258829944683133,0.3756126387303359,0.5423980357292746,-0.2171884261005292,0.49019275979807136,0.0,0.0,1.0,0.0,1.0,0.0,0.0,0.0,0.0,1.0,1.0,0.0
-0.5810669601898963,0.41501103964209907,1.0079985365644832,-0.7492330271105972,-0.43226448039452064,0.6088508575775612,-0.12090609655785839,0.6745302991062736,-1.2721192425070456,-0.8206347702854142,0.0,1.0,0.0,0.0,0.0,0.0,0.0,1.0,1.0,0.0,1.0,0.0
0.5197015112563357,0.016361942311798463,-0.547305930325072,0.8147061438536292,0.7011978425846557,-1.0267925391007797,-0.6483163678946083,-0.5171645353247905,0.5368302647298384,0.7467058531957969,1.0,0.0,0.0,0.0,0.0,0.0,1.0,0.0,0.0,1.0,1.0,0.0
-0.22098975931400888,-0.46179736676637956,-0.32224357486517197,0.4801841848756731,0.6749199627361872,-0.3947008397199925,-0.486319668254203,-0.2736039327761359,-0.13719133709295597,0.718043431599213,0.0,1.0,0.0,0.0,0.0,0.0,1.0,0.0,1.0,0.0,1.0,0.0
0.7607485435009415,0.09737788216243555,-0.37925474598058206,0.4641245282352355,1.2160949919750512,-1.0680873700253128,-0.5721867563385478,-0.6765905362672543,0.5425577021482981,-0.471228625633418,0.0,1.0,0.0,0.0,1.0,0.0,0.0,0.0,1.0,0.0,1.0,0.0
-0.030419128166589076,-1.0145539177079645,0.30704834330651154,-0.05769218632588218,-0.5852180506906397,0.037776776787302874,-0.30347894956276994,-0.0873971454595312,0.23603812614059733,-0.14472547435354574,1.0,0.0,0.0,0.0,0.0,0.0,1.0,0.0,1.0,0.0,1.0,0.0
0.42632177392282034,-0.6628260806374553,-0.3271861037239595,0.8032889014689337,0.8937415047659069,0.14076934610307953,0.09775994722927925,-0.04939796903827831,0.8261830799946188,0.5237518379382782,0.0,0.0,0.0,1.0,0.0,0.0,1.0,0.0,0.0,1.0,1.0,0.0
-0.7483265824452463,-0.5478214152133469,0.9162556776725831,-0.5792305145811996,-0.5852180506906397,-0.334913754530106,0.5549639670271072,0.7610445699607614,-0.9416233490616808,-0.2908810721556979,0.0,1.0,0.0,0.0,0.0,0.0,1.0,0.0,0.0,1.0,1.0,0.0
-0.6067640569696409,-0.42261669866508783,0.0039792817312497356,-0.5248711259295077,-0.1329523026843341,0.3235094848729039,0.6283705089585979,0.10128753304959336,-0.5877118637695159,-0.341939219422387,0.0,0.0,1.0,0.0,0.0,1.0,0.0,0.0,0.0,1.0,1.0,0.0
-0.20821909848042686,0.4189051049669578,0.07122542627845489,0.3090769311404945,-0.5761689008931914,0.6915122972319413,-0.05662656240067113,-0.11641315032304492,0.3083759139505663,-0.07280781093538682,0.0,0.0,1.0,0.0,0.0,0.0,0.0,1.0,1.0,0.0,1.0,0.0
0.889748876082682,0.49044136414007505,-0.6251597822651764,0.30720841230692536,1.0882144025862952,-0.9749178302395519,-0.34353561088415585,-0.03587673828198357,0.4492861532220975,0.7258361821025263,0.0,0.0,1.0,0.0,0.0,0.0,1.0,0.0,1.0,0.0,1.0,0.0
0.8726171499188172,0.5564903769585345,-0.8042976526288096,1.464465438626432,1.130899402394981,-1.0680873700253128,-0.582413530878965,-0.2934457593938795,0.1393213155256327,0.054441613495707405,0.0,0.0,0.0,1.0,1.0,0.0,0.0,0.0,0.0,1.0,1.0,0.0
-0.4765014106689384,-0.13959846895953137,0.1846440194268957,0.6086230866972325,0.08308153959286291,-0.229004723769808,-0.036736395645279744,0.7632247285194418,-0.08937934537323836,0.21695864302407653,1.0,0.0,0.0,0.0,0.0,1.0,0.0,0.0,1.0,0.0,1.0,0.0
0.884990469152526,-0.13225438669670703,-0.40423566254850685,0.016790400417886105,0.23179419882432015,-0.3139613422749832,-0.7009271095182357,-0.9333515335775532,0.29378466680630816,0.6733703387917114,0.0,0.0,0.0,1.0,0.0,1.0,0.0,0.0,0.0,1.0,1.0,0.0
0.28595798163373537,0.15144589326441799,-0.5290297181500166,0.706283870518543,0.11839317795587881,0.11912975436663077,-0.5730519834507917,-0.6654045266514692,0.5553221504641512,-0.47172424149889247,0.0,1.0,0.0,0.0,1.0,0.0,0.0,0.0,1.0,0.0,1.0,0.0
-0.9196242175097287,-0.44693214782465435,0.6385941612214795,-0.19850270727845873,0.3157775841877215,1.2160387907321104,1.4690445530733967,1.0699935659788689,-1.148402907465057,-1.7535256697593657,0.0,0.0,1.0,0.0,1.0,0.0,0.0,0.0,0.0,1.0,1.0,0.0
0.5284105403951701,0.28635776975957544,-0.32722044467118905,-0.08498822226997313,0.037191421383449365,-0.09484845711060742,-0.2958510464749448,-0.5016412956810508,0.1513162872161772,0.5098865734507345,1.0,0.0,0.0,0.0,0.0,1.0,0.0,0.0,1.0,0.0,1.0,0.0
-0.09782067924271855,0.20419645927555782,-0.17569785470189067,-0.4977139770168412,-0.5451613253261757,0.18773899531938396,-0.1930525543047782,0.048747380885397755,0.000544153024879612,-0.15877266334119502,1.0,0.0,0.0,0.0,0.0,1.0,0.0,0.0,0.0,1.0,1.0,0.0
-0.2348206392567415,-0.5266164831277467,0.4285031573112622,0.1900388162644012,-0.36144256920830753,0.306726986464956,0.10363129661146982,0.457910403338064,0.24439105079873033,-0.5721042119748698,0.0,0.0,1.0,0.0,0.0,0.0,0.0,1.0,1.0,0.0,1.0,0.0
-0.703673814283893,-0.47981144678004106,0.8962914489177463,-0.9208776921986465,-0.3603375571401302,0.9614326034597726,0.6161119905158784,1.0699935659788689,-1.3024720239528031,-0.8064132210940731,0.0,1.0,0.0,0.0,0.0,0.0,1.0,0.0,1.0,0.0,0.0,1.0
-0.002276476473776347,-0.3534732189907716,-0.07435554169994658,0.00044499429940222647,0.12223774055955408,0.1931387129861922,0.5156881663984626,0.7093109731212597,-0.022099963824232467,0.721539008566883,1.0,0.0,0.0,0.0,0.0,1.0,0.0,0.0,1.0,0.0,1.0,0.0
-0.8191351370627795,-1.950400859647047,0.9030295898841777,-0.6684734715116897,-0.1625814741960575,0.5065453468645662,0.6537579696476126,1.0699935659788689,-1.1488994414560856,-1.5206902372200766,1.0,0.0,0.0,0.0,0.0,1.0,0.0,0.0,1.0,0.0,1.0,0.0
0.5796377488005386,0.004177955568155892,-0.586631957457086,0.6156725132150807,0.7458964509721447,-0.6637136527143577,-0.7700391137753718,-0.6049639861039121,0.8417882388727845,0.5329134778508645,0.0,0.0,1.0,0.0,1.0,0.0,0.0,0.0,1.0,0.0,1.0,0.0
0.5827887798415162,0.6916908612537718,-0.30077911065722185,0.2633642440175101,0.3874118591886413,-0.6743388751487536,-0.43648519986304735,-0.7917805183969947,0.6718509021696332,-0.59382216169007,1.0,0.0,0.0,0.0,1.0,0.0,0.0,0.0,1.0,0.0,1.0,0.0
0.24322050979955465,-0.7605554590627027,0.05808065573323301,0.16173869745629788,-0.5852180506906397,0.023944730547535282,0.46925925841219773,0.37254811521688597,-1.0922309057342747,0.04217541118328809,1.0,0.0,0.0,0.0,1.0,0.0,0.0,0.0,1.0,0.0,1.0,0.0
-0.6285686298334744,-1.2273840046552065,1.1352273077518418,-0.8427070584833664,-0.010489517834983099,-0.1530924661070155,0.2619908142563095,1.0571788568453528,-0.8401549070106021,-1.1316410631641765,1.0,0.0,0.0,0.0,0.0,1.0,0.0,0.0,0.0,1.0,1.0,0.0
-1.5568185951796532,0.40992558287891956,1.2578301278124218,-0.6735071546968605,0.050136475325412704,0.2076548268236833,0.6061581381815242,0.8780544438350205,-1.4813192416132812,-0.5172719567266906,0.0,1.0,0.0,0.0,0.0,0.0,1.0,0.0,0.0,1.0,1.0,0.0
1.3498225163197701,0.17552677916483783,-0.5607842080215781,0.9568765330842632,1.2263532739319452,0.18620162364824697,-0.5771344958306824,-0.9657417726669093,1.1111467710316405,1.304278781907997,0.0,0.0,0.0,1.0,0.0,1.0,0.0,0.0,1.0,0.0,1.0,0.0
0.9402408782492231,0.4943069226485475,-0.5415504264699018,0.5791090105792259,0.6778762507422762,-1.0680873700253128,-1.6987167390273976,-0.5192362118952772,0.602484369570578,-0.6679074073225562,1.0,0.0,0.0,0.0,0.0,0.0,1.0,0.0,1.0,0.0,1.0,0.0
0.7492542143368045,-0.06346730702722873,-0.5122250133273325,0.0378729925863108,-0.04446023895665836,-0.36032158533589304,-0.3590560572794628,-0.5726330481511336,0.2274441816811708,-0.3530790346793646,0.0,0.0,0.0,1.0,1.0,0.0,0.0,0.0,0.0,1.0,1.0,0.0
0.8519734884016313,0.235226360312873,-0.45048470018491926,1.4024601454449095,0.48012739836419477,-0.6620741840814138,-0.1253081679515149,-0.7573731308665604,0.9370667177894927,0.40583313846759833,1.0,0.0,0.0,0.0,0.0,0.0,1.0,0.0,1.0,0.0,1.0,0.0
-1.0599397480562893,1.4087271210309227,1.1531455789990976,-0.9208776921986465,-0.5852180506906397,0.22684360322943534,0.6399906469788955,0.7475892180653589,-0.7122345694028203,-0.6297677609476061,0.0,0.0,1.0,0.0,0.0,0.0,1.0,0.0,0.0,1.0,1.0,0.0
0.33109474615209816,-0.6774086504278996,-0.5850276847954718,0.25909123127409334,0.5213290525879752,-0.05124414693429413,-0.3917042732462664,-0.6414534817028559,0.7361354433767382,0.8498378058229233,0.0,0.0,1.0,0.0,0.0,0.0,1.0,0.0,0.0,1.0,1.0,0.0
0.11138301965131599,-0.13824122623706367,-0.2614133808678041,0.6442781051061954,-0.32541931333367013,0.16344001185650014,-0.815604690596128,-0.22222663320656688,0.0021631323182345064,0.13322502929311905,0.0,0.0,1.0,0.0,0.0,0.0,1.0,0.0,0.0,1.0,1.0,0.0
0.42156584764559374,-0.030274393925462037,-0.4518873472283556,0.6028890117227065,0.2573633825447444,-0.364668185715441,-0.8049395041281195,-0.24151379636557083,0.7817886343595305,-0.2889342291421307,0.0,0.0,1.0,0.0,0.0,1.0,0.0,0.0,0.0,1.0,1.0,0.0
0.494225366990095,0.24599427130433874,-0.5151471011831421,0.914894856965891,0.8465191046122282,-0.8190193376577131,-0.28668091313529886,-0.7786384516240304,0.004162008964383878,1.3919198842410743,0.0,0.0,0.0,1.0,0.0,0.0,0.0,1.0,1.0,0.0,1.0,0.0
0.15689602259855326,0.08705298621097914,0.21441580535111163,0.3206480657334542,-0.038304790135680986,-0.6553827583753419,0.5783437558276365,0.015698163380412265,-0.3172013784574867,0.7984496607455231,0.0,0.0,1.0,0.0,0.0,1.0,0.0,0.0,0.0,1.0,1.0,0.0
-0.8956460177341741,0.7191560219615408,0.048919409487591665,-0.14435037666118836,-0.2541725121236793,1.048916351835734,-0.21058836075161852,0.328666680217526,0.5003000047929157,-0.04467631056114995,0.0,1.0,0.0,0.0,1.0,0.0,0.0,0.0,1.0,0.0,1.0,0.0
-0.4986039475119389,-0.3562342584308439,0.5060927084783552,-0.1659138101652652,-0.18083861360582051,-0.0327929129466882,0.005305742176917224,0.10250561626713753,-0.9527991112513174,-0.7000888032794752,0.0,1.0,0.0,0.0,0.0,0.0,0.0,1.0,1.0,0.0,1.0,0.0
-0.9308489649095941,-0.3213094263803048,1.044555600312398,-0.005615511469363765,-0.5852180506906397,0.28308795582762064,0.9799444117769067,0.9545658528175018,-0.5377688138887945,-0.2538671180114116,0.0,0.0,0.0,1.0,1.0,0.0,0.0,0.0,1.0,0.0,1.0,0.0
0.6094640880024662,-0.0866218819154208,-0.2564766877139189,0.657356853345801,0.47805673767816304,-0.7765874322163887,-0.0007343288621297335,-0.5875837616865791,-0.17376941686576797,0.6193482262441212,0.0,0.0,0.0,1.0,1.0,0.0,0.0,0.0,0.0,1.0,1.0,0.0
-0.016466412976433777,-0.6075966687893726,0.21858502838641294,-0.4563799712892604,0.26550625355308644,0.38545801414215003,-0.26238014125156917,0.2480174937768954,-0.047189782893501425,-0.42020172903740305,1.0,0.0,0.0,0.0,0.0,1.0,0.0,0.0,1.0,0.0,1.0,0.0
-1.7901240879724392,1.091788021955141,0.7144518021223522,-0.33503675537816063,-0.5852180506906397,0.4249462435436888,0.656823295119766,0.9663112460070205,-0.11788814371782518,-1.4796048726681408,0.0,0.0,0.0,1.0,0.0,0.0,1.0,0.0,1.0,0.0,0.0,1.0
-1.6484453960300338,0.17575372314843346,0.8972155691231677,-0.883695216372777,-0.4597654055546254,1.18557789426853,0.8243963452642153,0.851572464368302,-1.4027540411130524,-1.5747812452972219,0.0,1.0,0.0,0.0,1.0,0.0,0.0,0.0,1.0,0.0,0.0,1.0
1.2215694715932293,0.030308832286298083,-0.7371162858150873,1.3641148756023425,1.5910502975592173,0.0682569164608675,-0.4808619934410342,-0.798291354816806,0.8393240467395665,0.1408189215664026,0.0,0.0,0.0,1.0,0.0,1.0,0.0,0.0,0.0,1.0,1.0,0.0
0.6130386842528012,0.9479606609994929,-0.5074351880339344,1.340804805814206,1.8330276117886048,-0.6410692667749799,-0.7969939141783736,-0.8046781083930611,0.12883433139921074,1.047902913752114,1.0,0.0,0.0,0.0,0.0,0.0,0.0,1.0,0.0,1.0,1.0,0.0
-0.010134854369274892,-1.0442601412039578,0.0451434701192971,-0.5489580945743724,-0.3667309851109418,0.1895776447270698,0.18014934890844653,0.07448060109128846,-0.5855152353330418,-0.18009159227467111,1.0,0.0,0.0,0.0,0.0,1.0,0.0,0.0,1.0,0.0,1.0,0.0
-0.21814738093225547,-0.38382683078594126,0.15937673543113287,0.2696533680342646,0.013751102839453438,0.2830924871136754,0.7108568794204893,0.11673781007859946,0.381716373369949,0.08726303731028479,0.0,0.0,0.0,1.0,1.0,0.0,0.0,0.0,1.0,0.0,1.0,0.0
0.44466589220626607,0.021330094822068157,-0.594844684731955,-0.06827469633343884,0.7847061099654115,0.26996140410301617,-0.20516589713026326,-0.5713677181817787,1.0849152338758095,-0.26819693340060236,1.0,0.0,0.0,0.0,0.0,0.0,1.0,0.0,1.0,0.0,1.0,0.0
-1.5426999835598731,-0.8070250472489716,0.9562123231583621,-0.40803023359170965,-0.2537535893899942,0.8388272194880732,0.24486688752034758,0.8788386915412838,-0.8297655496750004,-0.43534478612280525,0.0,1.0,0.0,0.0,1.0,0.0,0.0,0.0,1.0,0.0,0.0,1.0
-1.2112651950724094,0.19598085570256565,1.0591206706978213,-0.9208776921986465,-0.5520244521282817,0.48675861540234455,0.4232869753043242,0.8051711137910054,-0.5947572774689909,-0.2339217104289702,0.0,1.0,0.0,0.0,0.0,0.0,0.0,1.0,1.0,0.0,1.0,0.0
0.4030971002108266,0.23634685921060228,-0.6681991294602616,1.6506730765215554,0.02844834620593205,-0.6672837167255479,-0.11263792511503919,-0.515565612718492,0.6511542207495341,0.8145077478412136,0.0,0.0,1.0,0.0,1.0,0.0,0.0,0.0,0.0,1.0,1.0,0.0
-0.24164322577868036,-0.14101533078732353,-0.14606344659077583,0.36525639523658393,-0.3455800697108398,-0.18036915228336764,-0.4142335426549072,-0.1634348457625863,0.23892323930980255,0.15744777013481412,0.0,0.0,1.0,0.0,0.0,0.0,1.0,0.0,0.0,1.0,1.0,0.0
0.12964867653682052,0.3458106782519919,-0.829920748865588,0.43596754760699585,0.578242768478587,-0.686333179384456,-0.7891141725577615,-0.8318243979062726,0.0992663485925292,0.4248631409421693,0.0,0.0,1.0,0.0,1.0,0.0,0.0,0.0,0.0,1.0,1.0,0.0
0.417100091903864,-0.46801049144633916,0.31836802434560524,-0.9208776921986465,-0.15839315960291145,1.0304674407399503,0.7407778024491668,0.17398013011371213,-0.1797248117426522,0.2309328667373379,0.0,0.0,0.0,1.0,0.0,1.0,0.0,0.0,0.0,1.0,1.0,0.0
0.3435163695324444,-0.9542883988688657,-0.0772256382580213,-0.4624858979372382,-0.07094735682716917,-1.0680873700253128,0.18569780799900204,0.09668023166483516,-0.23211564362936726,-0.207204293512827,0.0,1.0,0.0,0.0,1.0,0.0,0.0,0.0,1.0,0.0,1.0,0.0
-0.15800100811798856,-0.5815981320654127,0.25114961049925016,0.051688311723776734,-0.365939875876629,-0.39863701813695607,0.11596531167156136,0.2607563480419432,-0.3183794733942245,-0.044240246387652546,1.0,0.0,0.0,0.0,0.0,1.0,0.0,0.0,1.0,0.0,1.0,0.0
-0.29838678486560277,-1.0407754228394854,0.9250761370771962,-0.6254980426191987,-0.5680989295109982,1.0080404884887573,1.0885027458804806,0.8766630036603721,-1.3585450942058481,-1.5323384558964563,0.0,0.0,0.0,1.0,1.0,0.0,0.0,0.0,0.0,1.0,1.0,0.0
0.3341827356573963,0.5868519348181965,-0.3680216532992351,0.9763876997708183,1.30397208174188,-1.0680873700253128,-1.2063590411988643,-0.7820560158299467,1.3948054876434925,-0.5386252959074496,1.0,0.0,0.0,0.0,0.0,1.0,0.0,0.0,1.0,0.0,1.0,0.0
-0.8883726992987618,0.2503319790812477,0.955404797448539,-0.17667637194852398,-0.5852180506906397,0.5058884481135394,1.2746785880722686,0.6927012869114128,-1.392379771449572,-1.7835642854897455,0.0,1.0,0.0,0.0,0.0,0.0,1.0,0.0,1.0,0.0,1.0,0.0
-1.4132303728978144,-0.3086125869412481,1.1767772067767925,-0.7375079126346332,-0.5852180506906397,0.25796560998955587,0.5041260321292634,0.7607668128230959,-0.6685848523333884,-1.3447211351025454,0.0,0.0,0.0,1.0,1.0,0.0,0.0,0.0,0.0,1.0,1.0,0.0
-0.5792107396823439,-1.0410907455778482,0.9408383868684765,0.28694429182606035,-0.4868035063599302,1.5533845472946233,1.2415783471139874,0.9798801058884835,-1.2052469112086213,-0.9830228933460913,1.0,0.0,0.0,0.0,0.0,0.0,0.0,1.0,0.0,1.0,0.0,1.0
-1.2995335818811449,-0.7798082561959164,0.7188181099795061,-0.35690739237506036,-0.5852180506906397,1.0036633248368005,1.0017317779300956,0.17355753180883696,-1.349133649397118,-1.3515725133361896,1.0,0.0,0.0,0.0,0.0,1.0,0.0,0.0,1.0,0.0,1.0,0.0
-0.8113647117592289,0.7131384465984393,0.9270723501862453,-0.9208776921986465,-0.5852180506906397,0.9365874861229776,0.4941495926716872,0.6175164810955048,-0.6823125023422725,-1.0120459746420782,1.0,0.0,0.0,0.0,1.0,0.0,0.0,0.0,0.0,1.0,1.0,0.0
0.6194314868992323,0.4380689952557726,-0.7187494284154639,1.0028735045911727,0.6875651320277869,-1.0680873700253128,-0.5541095885540216,-0.5767741057120463,0.2561705443405102,0.24211959362479013,1.0,0.0,0.0,0.0,0.0,0.0,0.0,1.0,0.0,1.0,1.0,0.0
-0.04986586931866826,-0.30691611803563285,-0.34628668593326617,-0.5548582166906669,-0.1322580059237512,-0.5985267425006789,-0.08315145955941826,-0.7817920520892039,0.6125388673779729,-0.2769364207749479,0.0,0.0,1.0,0.0,0.0,0.0,1.0,0.0,0.0,1.0,1.0,0.0
0.3640498285949765,0.2751831111428694,-0.29416751363854565,-0.41757263269147626,-0.12098589612560809,-0.6087735688182602,-0.00435448816162915,-0.1911554848278179,0.34572989994496894,0.1952408676640678,0.0,0.0,1.0,0.0,0.0,0.0,0.0,1.0,1.0,0.0,1.0,0.0
-1.2874576711659484,-1.6712384710000687,1.0093865557706334,-0.9208776921986465,-0.06872930176041604,0.787256963037482,0.6951550422550278,0.2760167500688656,-1.1558091215718105,-1.376644086461009,0.0,0.0,1.0,0.0,1.0,0.0,0.0,0.0,1.0,0.0,1.0,0.0
0.5233621516513802,0.8103238284347314,-0.31449047414239606,0.2658637077523853,0.09386785193663898,-0.8332631537169836,-0.19291570196421334,-0.17686861390925923,0.19642768234546587,0.08434958852412118,0.0,1.0,0.0,0.0,0.0,0.0,0.0,1.0,1.0,0.0,1.0,0.0
0.1961083739910749,0.5716402564673827,-0.812412737140259,0.6750407597907023,0.979658744350537,-1.0680873700253128,-0.1798412986973775,-0.28230926456975414,1.1862014882939707,0.12550126461728073,0.0,0.0,1.0,0.0,0.0,1.0,0.0,0.0,1.0,0.0,1.0,0.0
0.3599521547619833,0.23057543324272656,-0.42676970634536565,-0.11514384892910776,0.4144249339695308,-0.4985597679408658,0.9464708569934434,-0.07138871906002289,0.44087631439321584,-0.2950436703842329,0.0,0.0,0.0,1.0,0.0,0.0,0.0,1.0,0.0,1.0,1.0,0.0
0.7757972495335721,-0.14121245630371232,-0.5096003619810877,1.0156482158187823,1.1176720597634708,-0.36532411492256645,-0.1071370874370042,-0.796493511075762,0.7292493476985735,0.2097439989119744,0.0,1.0,0.0,0.0,0.0,1.0,0.0,0.0,1.0,0.0,1.0,0.0
0.0015278833258053214,-0.49050800453255616,-0.04016647075406969,0.3928688683281744,-0.5226311241730538,0.5930541441893715,-0.09833626612949821,0.12462417080437749,0.40204897239275433,0.12103258336670435,1.0,0.0,0.0,0.0,0.0,0.0,0.0,1.0,0.0,1.0,1.0,0.0
0.2829297667641049,-0.5536288692993968,0.1966808937060708,-0.1741506451341237,0.08752168719777045,-0.2054749821906398,0.0007343288621297335,0.23671674808210658,-0.41404313727264047,-0.2204477748009502,0.0,1.0,0.0,0.0,1.0,0.0,0.0,0.0,0.0,1.0,1.0,0.0
1.1324663806482733,0.14664835909735519,-0.7424189378267384,0.8251809725289121,0.3109745576063018,-0.8243485288505349,-0.6345229133187609,-0.8058758864741995,0.8547582012212229,0.3295051497627371,1.0,0.0,0.0,0.0,0.0,0.0,1.0,0.0,0.0,1.0,1.0,0.0
-0.33266383139388844,-0.29999013242926614,0.06352623150519608,-0.48454655989485224,-0.48999432922084546,0.5708579217572333,-0.012686394986441266,-0.09630067966938943,-0.12074872426046399,0.5902189770149212,0.0,1.0,0.0,0.0,0.0,1.0,0.0,0.0,1.0,0.0,1.0,0.0
-1.6957602050653944,-0.660067868636693,1.268163939170717,-0.6064815385910447,-0.5852180506906397,0.2381855062412883,0.21964289430713416,0.9399024871905796,-0.4257337787638771,-0.9939827076335249,0.0,0.0,0.0,1.0,0.0,1.0,0.0,0.0,1.0,0.0,1.0,0.0
0.4139220836176854,0.34407533834312876,-0.7277302502992539,1.01063382524146,0.5957331350851882,-0.43596825672643236,-1.1115352639598965,-0.8439996618141344,0.7528381928719505,0.035471537107624844,0.0,0.0,0.0,1.0,0.0,1.0,0.0,0.0,1.0,0.0,1.0,0.0
0.23234168583145529,0.24806994635630747,0.40147411449113984,0.04697031783203947,0.06314204590896594,0.8908377618733545,0.1402745450232472,0.20415849519379145,-0.35895986481325337,0.49562355803357144,0.0,0.0,0.0,1.0,0.0,0.0,0.0,1.0,0.0,1.0,1.0,0.0
0.6710322052888024,0.4096515273658703,-0.829920748865588,0.8132819920833919,0.3741973333466038,0.34157272865296756,-0.9662920083064228,0.01010168253973308,0.5427231541826243,1.3012191959039563,0.0,1.0,0.0,0.0,1.0,0.0,0.0,0.0,0.0,1.0,1.0,0.0
0.6243866715569075,-0.0370647431141891,-0.08342751579509543,0.0819431058228493,0.08954710174929958,-1.0680873700253128,-0.8768674813070416,0.33412727915722773,0.4239079087507658,0.11815031023396776,0.0,1.0,0.0,0.0,0.0,0.0,1.0,0.0,1.0,0.0,1.0,0.0
0.3560021343205216,-0.43633195189505336,0.0727432022812236,0.09187968290489225,0.06141894022808507,0.49151444154743584,-0.16008201497993502,0.1859146645858684,-0.09152714479959612,0.14298163659530752,0.0,1.0,0.0,0.0,0.0,0.0,0.0,1.0,1.0,0.0,1.0,0.0
1.012139389708633,0.41857528265761074,-0.829920748865588,0.7657187088557593,1.2430586425622654,-0.4063580613991654,-0.5813927191960757,-0.37394863422966396,0.8112295345585564,0.6081557024646355,1.0,0.0,0.0,0.0,0.0,0.0,0.0,1.0,0.0,1.0,1.0,0.0
0.366180839579595,-0.8989296402849652,-0.43395062709632976,-0.5360705776688833,-0.2849977013173244,-0.9914120465534496,-0.18662656920918308,-0.5541818198354237,-0.13106112928844388,-0.19725708835918165,0.0,0.0,1.0,0.0,0.0,1.0,0.0,0.0,1.0,0.0,1.0,0.0
0.4872416905337827,0.07106513591628962,-0.7376703737140784,0.6742851792494976,0.6621432582738743,-1.0680873700253128,-0.06449818836572797,-0.6539052841950859,0.7109571428965603,0.48754634473676206,1.0,0.0,0.0,0.0,1.0,0.0,0.0,0.0,0.0,1.0,1.0,0.0
0.34455356027399253,0.57145222687735,-0.2761799518094683,0.8197914336196487,0.731175201493494,0.1863908869488453,-0.5208967200663305,-0.7763860180078609,0.6094235992533864,1.3623099133927776,1.0,0.0,0.0,0.0,0.0,1.0,0.0,0.0,1.0,0.0,1.0,0.0
0.14918435096991683,-0.435802308313542,-0.15613030672311518,-0.7936028483901537,0.24791930687920177,0.3014768289277056,0.11354181357698998,0.38762835196653045,0.10302655564203808,-0.0027287464105513423,1.0,0.0,0.0,0.0,1.0,0.0,0.0,0.0,1.0,0.0,1.0,0.0
-0.0209196959629083,-0.006245965731786742,-0.28115570828947184,0.014793850011806381,0.619364269511615,0.5650630547138132,-1.006603121820335,-0.5737106311870425,0.15030596303459276,-0.2905282405924607,0.0,0.0,1.0,0.0,0.0,0.0,1.0,0.0,0.0,1.0,1.0,0.0
-0.011068386505296813,-0.7696808721591074,0.023801956935847156,0.5297102826626581,-0.5852180506906397,0.5648863432112814,-0.18510896949723457,-0.07500200105871078,-0.6409315142668776,0.12744704525379458,0.0,1.0,0.0,0.0,0.0,0.0,0.0,1.0,1.0,0.0,1.0,0.0
0.2813071916080047,0.33181906421353496,-0.19985594260949047,-0.2603866735199783,0.5135990665168163,-0.06982123004629726,0.44866557052793193,0.04630171854009119,0.3925558755624564,0.08297605266047209,0.0,0.0,1.0,0.0,0.0,0.0,0.0,1.0,0.0,1.0,1.0,0.0
0.8270437873788189,0.2951396340495977,-0.829920748865588,1.1764738280075728,0.6816723997076193,-0.9073072197420698,0.05871803642584754,-0.794818213585631,0.6684218066055077,0.35875804119070454,0.0,0.0,0.0,1.0,0.0,1.0,0.0,0.0,1.0,0.0,1.0,0.0
-1.7540321891209387,1.4906556519003802,0.9802331535332746,-0.620813619825783,-0.5265102480664227,1.1663970738464555,0.29806441848903387,0.8235751205689038,-0.8814256590774997,-0.11823141800302035,0.0,0.0,1.0,0.0,0.0,0.0,0.0,1.0,0.0,1.0,1.0,0.0
0.12776134371216186,-0.609803422124009,-0.12462351554769308,-0.23167450983484555,-0.5852180506906397,0.49201506185060373,-0.6092995530890599,-0.11880453598848476,0.12428606308937236,-0.05748722918873616,0.0,0.0,1.0,0.0,0.0,0.0,1.0,0.0,0.0,1.0,1.0,0.0
-1.2056468840775971,-0.34045149670509234,1.1588477803739439,-0.9208776921986465,-0.5852180506906397,0.4810460085052251,0.5564314403526989,0.12938632846678152,-0.5217088629508503,-1.1644424928018724,1.0,0.0,0.0,0.0,0.0,0.0,1.0,0.0,1.0,0.0,1.0,0.0
-1.3916151210394723,-1.0842249698726794,1.2921987419854593,-0.9208776921986465,-0.08237393561025497,0.46390977389285304,0.8976993293912484,0.7702153500422692,-0.22952538984241944,-1.4952878360897754,0.0,0.0,0.0,1.0,1.0,0.0,0.0,0.0,1.0,0.0,1.0,0.0
-1.496980824400563,-1.2090779449202957,0.9229538223522875,-0.2941744609138994,0.0920466178758101,1.6442742802148036,1.17143786214315,1.0699935659788689,-0.5711395815757204,-0.029060118353806612,0.0,1.0,0.0,0.0,1.0,0.0,0.0,0.0,1.0,0.0,1.0,0.0
-1.0468561237181762,-0.962191084760931,1.1397044400069696,-0.8128852566343673,-0.5852180506906397,0.39212463922952756,0.9249835902297935,0.5866057443636606,-1.3288184546124695,-0.7159152859523191,0.0,1.0,0.0,0.0,0.0,1.0,0.0,0.0,0.0,1.0,1.0,0.0
0.33458152911992706,0.4732503174814931,-0.6424437442005845,1.128283749050787,0.9904760784108573,-0.4008212015311622,-0.5888781863232314,-0.6338139772149946,1.0248622371256908,0.9394763435034904,1.0,0.0,0.0,0.0,0.0,0.0,1.0,0.0,0.0,1.0,1.0,0.0
0.3361909020002652,0.5604497663917817,-0.7002271485545023,1.1785844048804828,0.9606947143635434,-0.37969414351510944,-1.0299062269653951,-0.7237589760919569,1.0687329241530263,0.43154536239327096,0.0,0.0,1.0,0.0,1.0,0.0,0.0,0.0,1.0,0.0,1.0,0.0
-0.7419728772545323,1.042042274990216,1.0076403999265966,-0.9208776921986465,-0.5852180506906397,-0.14130391214954016,1.1883800976003003,0.7469605182975028,-0.9057722470292128,-1.2228715946496174,0.0,0.0,0.0,1.0,0.0,0.0,0.0,1.0,0.0,1.0,1.0,0.0
0.2852058130492279,0.38667828376133634,-0.32156140936759325,-0.012941865627396992,0.03645931925058791,-0.7411294837274848,-0.20426290805304032,-0.5735870129912912,0.41109162970785285,0.13775982692072355,0.0,0.0,1.0,0.0,0.0,0.0,1.0,0.0,0.0,1.0,1.0,0.0
0.2072511206514369,-0.24131944165007685,-0.2534548274808103,0.30903315329968944,0.2699146453457811,-0.41523010530456667,-0.7326287613048867,-0.2665784093078482,-0.21353491242575098,0.8763983423995672,0.0,0.0,0.0,1.0,0.0,1.0,0.0,0.0,1.0,0.0,1.0,0.0
-0.9964037651477159,1.3453670188306937,0.897757548582421,-0.9208776921986465,-0.5852180506906397,0.5116367296832474,0.36393911123589195,0.5187199731963971,-0.585705481615085,-1.1846983352791673,0.0,0.0,0.0,1.0,0.0,1.0,0.0,0.0,1.0,0.0,1.0,0.0
0.4965276620732972,-0.7271426922448382,0.12892138275964182,-0.8097023620797504,0.16364610202514454,0.3832835971386285,-0.021610730713780082,0.27364711684855025,-0.40686161693094325,-0.7967348276598913,0.0,0.0,0.0,1.0,0.0,1.0,0.0,0.0,0.0,1.0,1.0,0.0
-1.2858448351547767,-1.113498860436341,0.8799336935581429,-0.028709102360898846,-0.07236821898284844,0.2872906816557305,1.2424572502684867,0.8974676415850547,-1.4757726709333696,-1.4541463846300309,0.0,1.0,0.0,0.0,0.0,0.0,0.0,1.0,0.0,1.0,1.0,0.0
0.8019010321228329,0.3545728581903672,-0.6493252328837478,1.0186954207954129,0.9307187751388659,-0.352645313047706,-0.12218236840415844,-0.48740142876639064,1.2690417693606182,0.181819441147629,0.0,0.0,1.0,0.0,0.0,0.0,0.0,1.0,1.0,0.0,1.0,0.0
-0.7184106211535123,0.6793012795651737,0.6208927343025585,0.16352091425488013,-0.5062997463480853,0.323201424874054,0.8643429300616653,1.0699935659788689,-1.2249109589258498,-0.6728684577223167,0.0,0.0,0.0,1.0,0.0,0.0,1.0,0.0,1.0,0.0,1.0,0.0
0.4026481562044557,0.20832954703472517,-0.46194668682554163,1.0941960420704442,0.9641756866607328,-0.140237662436876,0.13842920148545426,-0.11711616860960414,1.222276704290455,1.3419924001769252,0.0,1.0,0.0,0.0,0.0,0.0,0.0,1.0,0.0,1.0,1.0,0.0
0.8321634493528751,0.26207783212607955,-0.5123077789389335,-0.0651601039716264,-0.039313183651477235,-0.45899538901987763,-0.640577271545753,0.05073144570863345,-0.00722859276108811,-0.2809022816788697,0.0,0.0,1.0,0.0,0.0,0.0,0.0,1.0,0.0,1.0,1.0,0.0
0.6887989709770774,0.12315164853960829,-0.6530479884689108,0.8929473545273652,1.4015556719839024,-0.7113896567742888,-1.177087044287434,-0.6556146262390077,1.1975648234648932,0.9101501865347187,0.0,0.0,0.0,1.0,1.0,0.0,0.0,0.0,1.0,0.0,1.0,0.0
-0.43734072762208964,-0.44337674783309555,0.17910716652646508,-0.40080479126356355,0.3628304423913828,0.48270334242356233,-0.271317963932255,0.06102740748094727,-0.5032771881625966,0.25088265354253114,0.0,1.0,0.0,0.0,0.0,0.0,1.0,0.0,0.0,1.0,1.0,0.0
-1.2112757966854477,-0.42242495259516694,0.9610615679288956,-0.4874438311472021,-0.3574667272830445,1.4394456282900736,1.1489182381690934,0.7400629865120152,-1.198707708527786,-0.3086005616738208,0.0,0.0,0.0,1.0,1.0,0.0,0.0,0.0,1.0,0.0,1.0,0.0
-0.6519340749176841,0.606552756391313,0.9908273102413698,-0.19437721693974236,-0.37061543588012036,0.5499471214125111,0.9768975570410593,1.0401289455960832,-1.0845571873337645,-0.6749564991487511,0.0,1.0,0.0,0.0,1.0,0.0,0.0,0.0,0.0,1.0,0.0,1.0
-0.9333816730324547,1.1593010517376354,1.0792586442353314,-0.6351424625646578,-0.5852180506906397,0.8370669954350335,0.7795378577516449,1.0699935659788689,-0.5022519231427128,-0.7579454671966128,1.0,0.0,0.0,0.0,0.0,0.0,1.0,0.0,0.0,1.0,1.0,0.0
-0.09194072137655124,-0.20010914599394333,-0.0039792817312495656,-0.11579336082793218,-0.5671221733464552,-0.7861425463169259,0.15854671694263736,-0.18992408329629354,-0.20554105342518,-0.5236729706632526,1.0,0.0,0.0,0.0,1.0,0.0,0.0,0.0,1.0,0.0,1.0,0.0
1.4686684671294767,0.16553042103426419,-0.19987484203019001,0.9191104718222981,1.1871077581910991,-0.3730400840421513,-0.17314741120405364,-0.8425302570896104,0.46311250235224416,0.8519195383051356,1.0,0.0,0.0,0.0,0.0,1.0,0.0,0.0,0.0,1.0,1.0,0.0
-0.5839329960731254,0.049090054101095,0.15246476407817008,-0.21194988417398097,-0.063436807546157,-0.1915084638354807,0.834506053370877,0.07172345327690541,-0.05374495998481413,-0.5509351490398033,1.0,0.0,0.0,0.0,0.0,1.0,0.0,0.0,1.0,0.0,1.0,0.0
0.2113957199668464,0.08706954042051192,-0.2853725826029072,0.07398539700225541,0.01571479339025683,-1.0680873700253128,0.24717784542329482,0.12703046397281878,0.35189281496551045,0.6810926115265,0.0,0.0,0.0,1.0,0.0,0.0,1.0,0.0,1.0,0.0,1.0,0.0
0.1714918204053546,0.5875968150273759,-0.662574847933621,0.8582326893786564,1.0734591326244118,-1.0680873700253128,-0.9779907041258381,-1.0361349940255364,0.8723060109565343,0.8621575917207828,0.0,0.0,0.0,1.0,0.0,0.0,1.0,0.0,0.0,1.0,1.0,0.0
1.2503967747720575,0.38997084320598335,-0.6441506569271246,0.36411559660019716,1.426136798483668,-0.41833180481684856,-0.39857420522320247,-0.1723194522287135,0.6247322277340072,1.2116167818412793,0.0,1.0,0.0,0.0,1.0,0.0,0.0,0.0,0.0,1.0,1.0,0.0
0.1456401820794922,0.5700558546828729,0.098037987398644,-0.7069801424984448,-0.25032244018303634,-0.6456605112303809,-1.1496128315283105,0.11702361813587354,-0.34397777707503313,-0.024706315722358763,0.0,0.0,1.0,0.0,1.0,0.0,0.0,0.0,0.0,1.0,1.0,0.0
-1.3172035995375746,0.3425423848651748,0.7438808876192372,-0.9208776921986465,-0.5852180506906397,0.44389844357886543,0.15216619354564365,0.5119364356257741,-0.9160051260806729,-0.7535940646454494,0.0,0.0,1.0,0.0,0.0,0.0,1.0,0.0,0.0,1.0,1.0,0.0
0.3988062877816558,-0.15026261793771148,-0.468910874595195,0.5490566680721384,0.5222184545486814,-1.0680873700253128,-0.5360698163293778,-0.411038025451234,0.4701479855164241,-0.008910615732708344,1.0,0.0,0.0,0.0,0.0,0.0,1.0,0.0,1.0,0.0,1.0,0.0
0.5080119773380657,0.09439786166342182,-0.662041989401425,1.0008188310812245,0.9996606051907008,-0.3887164841408128,-1.0034064250806072,-0.6619155955205753,1.4461371203741313,1.3173573264358758,1.0,0.0,0.0,0.0,0.0,1.0,0.0,0.0,0.0,1.0,1.0,0.0
0.289192847250785,-0.22427337470618355,-0.40196090175630056,0.34003599389440003,0.3795687215142118,-0.4047482411703568,-0.5020749131707694,-0.3002999690565259,-0.21172604091991712,0.41861814593566143,1.0,0.0,0.0,0.0,0.0,0.0,0.0,1.0,0.0,1.0,1.0,0.0
0.33276857160228285,-1.9359223766406235,0.2455999274155453,0.7023514111940979,-0.3408603526242141,-0.27010373957160083,0.6822974437507608,0.3328037436210692,-0.043163669901146326,0.9044266430845997,0.0,0.0,1.0,0.0,0.0,1.0,0.0,0.0,0.0,1.0,1.0,0.0
0.10345798844664433,0.06276329898090767,-0.22899089242316634,0.9238238871345519,0.2837677803678194,-0.0016872409956583242,-0.1161664668045191,-0.5962026591368089,0.2983826534992025,-0.0644969409860329,1.0,0.0,0.0,0.0,0.0,0.0,0.0,1.0,0.0,1.0,1.0,0.0
0.08159255276695344,-0.02667614577239559,-0.501314832873011,0.6743098096156714,0.40791715646082466,-0.4208827027929986,-0.3371292294121628,-0.6133083380584556,0.9091559092093322,0.13907041939667406,0.0,0.0,1.0,0.0,0.0,0.0,0.0,1.0,0.0,1.0,1.0,0.0
-0.6893642505886826,-1.9063050862584585,1.048580540410372,-0.617526666148066,-0.3302722506509143,0.5990874325223864,0.9852601101481734,0.886988408965504,-0.5110585570180296,-0.49783018705344523,0.0,0.0,1.0,0.0,0.0,1.0,0.0,0.0,0.0,1.0,0.0,1.0
-1.105136143702624,-0.13683170541676348,0.8590856350550539,-0.4514509111428094,-0.5852180506906397,0.6915097709754505,1.0273484730583848,0.6418423205163163,-0.9015444851271932,-0.33714712402689895,0.0,0.0,1.0,0.0,0.0,0.0,0.0,1.0,0.0,1.0,1.0,0.0
-1.3299759343453126,0.35891568118399425,0.8145511553934309,-0.3501093725114939,-0.5852180506906397,0.7248540619066861,0.21648378443401312,0.3897866098200976,-0.49987130039360933,-1.5294419244309911,0.0,0.0,0.0,1.0,1.0,0.0,0.0,0.0,1.0,0.0,1.0,0.0
-0.0015278833258053214,0.5743720063567688,-0.829920748865588,1.201226751283498,0.9969159358147845,-0.34074809497844183,-1.655647698578534,-0.41683289235271537,0.24044306558972656,0.0645251378030835,0.0,0.0,1.0,0.0,1.0,0.0,0.0,0.0,1.0,0.0,1.0,0.0
-0.44484087647589465,-0.6498720302662054,0.09476994522885201,-0.4834691023575392,0.1136253297423589,-0.0532703590830479,0.7130029411039444,0.028520536449991498,-0.664600641119517,-0.5070209657666395,0.0,0.0,0.0,1.0,0.0,0.0,0.0,1.0,1.0,0.0,1.0,0.0
0.5715874506790107,0.4073961247644751,-0.5497433660497747,1.3949996678505177,0.7191864866406527,-0.7884038369877714,-0.5666410375245557,-0.6577581824010367,0.8523265036476352,1.1526212698704184,1.0,0.0,0.0,0.0,1.0,0.0,0.0,0.0,1.0,0.0,1.0,0.0
-0.9301679855089431,0.15804954117235714,0.9340235453567302,-0.9208776921986465,-0.5852180506906397,1.2708817947046582,0.8995604164098253,0.43309625808318997,-0.37896775680106987,-0.22324011164271879,0.0,0.0,1.0,0.0,0.0,0.0,0.0,1.0,1.0,0.0,1.0,0.0
1.2878522783974333,0.32599538091738417,-0.5021362476260268,1.0986613279724688,0.7931579551645838,-0.3456591555041196,-0.7962456378130331,-0.8858234654723235,0.24707476360190003,-0.225672919359594,0.0,0.0,0.0,1.0,0.0,1.0,0.0,0.0,1.0,0.0,1.0,0.0
0.8914970263276271,-0.06615562981477603,-0.5674843349109708,1.601180750194746,0.8754335857453932,-0.8689624334470113,-1.356056170225847,-0.23888437986104047,1.2701513590349713,0.4047283810064908,0.0,0.0,0.0,1.0,0.0,0.0,0.0,1.0,1.0,0.0,1.0,0.0
-1.4598132414304135,-0.47083609515720565,0.9048592855668482,-0.5009878973920854,-0.5852180506906397,0.6234509830098052,0.5605487174132217,0.784859763010941,-1.2252694456798032,-0.6787057433261483,0.0,0.0,1.0,0.0,1.0,0.0,0.0,0.0,0.0,1.0,1.0,0.0
-0.892451569980077,-1.2194514962750056,0.9833267154340206,-0.6261410965593115,-0.21194817013046818,0.8332614829995965,1.3254871810667135,0.6419717471782909,-0.8567803208182281,-0.49638238069388,0.0,0.0,1.0,0.0,1.0,0.0,0.0,0.0,0.0,1.0,1.0,0.0
1.062889843711462,0.7539740403128228,-0.6830870384116657,1.2294306485271698,1.0956990523521644,-1.0680873700253128,-1.5294090689085256,-0.4816470921558566,1.1360541654196181,0.10681327788189443,0.0,1.0,0.0,0.0,1.0,0.0,0.0,0.0,1.0,0.0,1.0,0.0
0.07451109796616202,-0.81526582194175,-0.1143817181972662,0.5913699238773261,-0.09977415937120147,0.6680779610548134,0.27470451656468864,-0.8153833251420415,-0.7885960909436821,0.4238299195317086,1.0,0.0,0.0,0.0,0.0,1.0,0.0,0.0,0.0,1.0,1.0,0.0
-1.630500371945895,-0.5011526084906912,0.8733987297383835,-0.4501439353060374,-0.5784061109633929,0.6581056982841885,1.0769930338317104,0.7333142539198279,-1.2523344819626492,-1.7958840131944467,0.0,0.0,1.0,0.0,0.0,0.0,1.0,0.0,1.0,0.0,1.0,0.0
-0.9192168593188885,-1.620230880277112,1.1853264224095108,-0.5564217567556864,-0.5852180506906397,0.8618753276784132,0.5742305143652179,1.0072002349326397,-1.177478128777284,-0.6388579694676146,0.0,0.0,0.0,1.0,0.0,1.0,0.0,0.0,1.0,0.0,1.0,0.0
-0.44132200052554965,0.42834241013209723,0.4546115150370727,-0.3825883503713133,-0.5852180506906397,0.29881177065991693,0.3348690614061644,0.2872253204681642,0.12349487568242648,-0.07912759538775437,0.0,1.0,0.0,0.0,1.0,0.0,0.0,0.0,0.0,1.0,1.0,0.0
-1.4661748758889837,-1.950400859647047,0.9200103384289675,-0.9208776921986465,-0.5852180506906397,0.46472445581586175,0.33120288022502536,0.5375272115855375,-1.068549552034087,-0.27264839073878805,0.0,0.0,0.0,1.0,0.0,0.0,1.0,0.0,0.0,1.0,1.0,0.0
0.7226344665294634,-0.004177955568155892,-0.4926277914089432,1.5916100132109285,0.5718486847866421,-1.0680873700253128,-0.1229579089824419,-0.738690114344481,0.02124645292411469,1.0860108613874924,0.0,1.0,0.0,0.0,0.0,0.0,1.0,0.0,1.0,0.0,1.0,0.0
0.5493427580909347,0.38891947219473166,-0.4792493696917059,1.6356496851210574,1.0803340000521997,-0.473271941473393,-1.043797902831273,-1.1931674507654142,0.9215989540069713,0.8959816170876668,0.0,0.0,1.0,0.0,1.0,0.0,0.0,0.0,1.0,0.0,1.0,0.0
-1.299145645197732,-1.087409930496118,0.8033956838729905,-0.39701620664976117,0.4088675998970035,0.3069878085103619,1.6066333224363543,1.0699935659788689,-1.2499771302913842,-1.314759043516477,0.0,0.0,0.0,1.0,0.0,0.0,1.0,0.0,1.0,0.0,1.0,0.0
0.23343606825865876,0.17201931962059833,-0.3675942612465853,-0.0865031973968926,0.981535342189081,-0.2537439561569775,0.2918863984801152,-0.46732099199659627,-0.16136188402772123,-0.2389460145413007,0.0,0.0,0.0,1.0,0.0,0.0,0.0,1.0,0.0,1.0,1.0,0.0
-0.03259706154274525,0.31074012665299894,-0.33987057868122816,1.180769843017415,1.4630111825550525,-0.7576003616694208,-0.21604521178288444,-0.7241858482780079,0.5571033407665125,0.01172943302427214,0.0,0.0,0.0,1.0,1.0,0.0,0.0,0.0,0.0,1.0,1.0,0.0
0.366765639597487,-0.26502182251450823,-0.4278260514746804,-0.29653690704446517,0.698072515571133,-0.5378937755648587,-0.9078629543330389,-0.864510915026666,-0.7732516645152038,0.0725763052460793,0.0,0.0,0.0,1.0,0.0,0.0,1.0,0.0,1.0,0.0,1.0,0.0
0.767374829637413,-0.07916671039669702,-0.18756998173951664,-0.23793234747046604,0.6117750016312399,0.19354673526687172,-0.6920553235817075,-0.25039317322535276,0.7697955350783091,0.47021375932410087,0.0,1.0,0.0,0.0,0.0,1.0,0.0,0.0,0.0,1.0,1.0,0.0
-1.163853355168221,0.3960776960605676,0.5816498162335764,-0.14139655066636317,-0.5852180506906397,0.4232479823481462,0.4428775373584353,0.6039879194621759,-1.304982216377759,-1.2195998223019398,0.0,0.0,1.0,0.0,0.0,0.0,1.0,0.0,0.0,1.0,1.0,0.0
0.025740604994661232,0.0962853280200325,-0.23238759805772977,0.3345265120811934,0.006758982527263072,-1.0680873700253128,-0.18014821152642435,-0.34410076373546583,0.6191612628557516,1.1880563227247707,1.0,0.0,0.0,0.0,0.0,0.0,1.0,0.0,0.0,1.0,1.0,0.0
-0.48522392389980495,0.131373936406049,1.056492699543616,-0.6895179333978426,-0.5852180506906397,0.819175558212129,0.2309521842015338,0.9650566047909328,-0.9492968315140591,-0.42811744098281945,0.0,1.0,0.0,0.0,0.0,1.0,0.0,0.0,1.0,0.0,1.0,0.0
0.10364458437163462,0.13143526352220344,-0.36814345423291855,0.3793059063155116,0.3142728305295725,0.8621764770478845,0.3260306933327011,-0.6297241427407618,-0.20823358495959196,1.3441294992450028,1.0,0.0,0.0,0.0,0.0,0.0,0.0,1.0,1.0,0.0,1.0,0.0
0.7399430976976785,0.30442104020282756,-0.6517885556578358,1.2703287845831697,1.1769098949445667,-0.7782966715273429,0.044059298178355244,-0.2870659191550544,0.019052297112178655,1.1747405577897172,0.0,1.0,0.0,0.0,0.0,1.0,0.0,0.0,1.0,0.0,1.0,0.0
0.5774732857012718,0.0892785836276917,-0.5092793868260399,0.9877715605758017,0.6538671584533878,-0.7431061888597404,-0.21777868530967837,0.061939670931520634,0.5080496688794764,0.5670625180051371,0.0,0.0,0.0,1.0,1.0,0.0,0.0,0.0,1.0,0.0,1.0,0.0
0.2005861970460031,0.1639979245336952,-0.5103023501265576,0.8849502917210721,0.2547817001862228,-0.2565576857381051,-0.2565447921658245,-0.6302416740067263,1.1182584279133188,0.4959018230507406,1.0,0.0,0.0,0.0,0.0,0.0,1.0,0.0,1.0,0.0,1.0,0.0
-0.12074289630533173,-1.466647230280913,0.2279060622285935,-0.6920257581378935,-0.31640354607842885,0.08118525904000923,-0.9256815251885633,0.4104568676937494,0.21852266227020709,0.20463790603187268,0.0,0.0,1.0,0.0,1.0,0.0,0.0,0.0,0.0,1.0,1.0,0.0
-0.08367538206273537,-0.8611478989292952,0.11789683156934165,0.24588935643521384,0.2774011648266539,-0.830173922241254,0.04368808950460608,0.6899232483379758,-0.35627407398656147,0.4857215400359447,0.0,0.0,0.0,1.0,0.0,0.0,0.0,1.0,0.0,1.0,1.0,0.0
-1.184148700875768,0.014125863056253603,1.037036012050374,-0.7322285750559165,0.09543937049368709,-0.4213535542946191,0.7812133706817291,0.8360975947778365,-1.435718975820166,0.25996222906319366,0.0,1.0,0.0,0.0,0.0,1.0,0.0,0.0,0.0,1.0,1.0,0.0
-0.15736861880729078,0.9362967568841556,0.12762040817635462,0.18570479203950438,-0.008291257675995357,0.2754127705105652,-0.12030754301497638,0.6094365570419535,-0.16455586111124995,-1.0196335775764434,1.0,0.0,0.0,0.0,1.0,0.0,0.0,0.0,0.0,1.0,1.0,0.0
-1.3355253568242764,0.646725861444077,0.8841308189229459,-0.3743653639157401,-0.5852180506906397,0.5193692342807795,-0.18019712978643504,0.9476309094416993,-0.928710373800455,-0.6412197090626499,0.0,0.0,0.0,1.0,0.0,0.0,1.0,0.0,1.0,0.0,1.0,0.0
0.7844460698105703,0.20932249319524482,-0.6963260003561668,0.5202557139087659,0.8794953602432429,-1.0680873700253128,-1.100819759633805,-1.0169279958003183,0.16151236339022007,0.513330621757385,0.0,0.0,0.0,1.0,0.0,0.0,0.0,1.0,1.0,0.0,1.0,0.0
-0.012277333315048355,-0.6823469626060977,0.07129604163121503,-0.2699791439962642,0.011102427048623905,-0.5131508034015116,-0.3578158710122642,-0.02732478358630932,0.20849155824038565,0.3817151018121008,0.0,1.0,0.0,0.0,0.0,0.0,0.0,1.0,1.0,0.0,1.0,0.0
-1.37603074776655,-0.7535753213493442,0.6581554162392976,-0.2555888139303891,-0.5568226677337866,0.7336409264635425,1.3489864948375363,0.6055993559405548,-0.7299668494401829,-0.5590065149667309,0.0,0.0,1.0,0.0,0.0,1.0,0.0,0.0,1.0,0.0,1.0,0.0
-0.8848560997703748,-1.2593864513190924,0.9334897131714059,-0.9208776921986465,-0.5852180506906397,1.0755358237422201,0.6064157847178446,1.01341265724812,-1.2164265255179654,-0.2906275449865331,0.0,1.0,0.0,0.0,0.0,0.0,0.0,1.0,1.0,0.0,1.0,0.0
-0.25547439680492595,-0.6640145502640992,0.519158769692213,-0.3042118853887751,-0.07411259799761276,-0.11767093378093728,0.007643426584189406,0.2640406604658627,-0.7439667649292995,-0.15580661123575906,0.0,1.0,0.0,0.0,1.0,0.0,0.0,0.0,0.0,1.0,1.0,0.0
-1.108241701742394,0.3882584878547795,0.9244316550359789,-0.8980221852646373,-0.4367205348802273,1.61032264913982,0.7422392642607755,0.7925132601392599,-0.36876583707441246,-0.7972618435710456,0.0,0.0,1.0,0.0,0.0,0.0,0.0,1.0,1.0,0.0,0.0,1.0
-0.11604180801696494,-0.08286408507754066,0.17842913535032467,-0.7626349614604402,-0.140157112604774,-0.35970365481773514,0.8777303360943285,0.6079085784297668,-0.054467723752743044,-0.6868156900125106,0.0,1.0,0.0,0.0,0.0,0.0,1.0,0.0,0.0,1.0,1.0,0.0
0.18247593476378013,1.195547573878865,0.24446403913341663,0.14858441375731615,-0.1397141167750018,0.8766194405943306,0.5625304923435649,0.28511113992074916,0.07860354970764029,0.569339321469044,1.0,0.0,0.0,0.0,1.0,0.0,0.0,0.0,1.0,0.0,1.0,0.0
0.170468627191117,-0.15751850533915993,-0.5292255067643857,0.6882217957885803,0.48326213779519406,0.1860568435561957,0.18824792996320006,0.06845782257574574,0.10138380091013185,-0.035725606618929914,0.0,0.0,1.0,0.0,0.0,1.0,0.0,0.0,1.0,0.0,1.0,0.0
-0.026589571665553924,-0.4552454202760577,0.21921744877208973,-0.6001435568183777,0.5559491725890156,0.18841670253329504,0.31761454954103235,0.6017450194583285,-0.2578476015779424,-0.48228953718119716,1.0,0.0,0.0,0.0,1.0,0.0,0.0,0.0,1.0,0.0,1.0,0.0
0.32710765225736743,-0.9385571550396465,0.3788002308420072,0.2612855035917401,-0.3784098190137824,0.36648119517358063,0.43354572079585424,0.16512354207654234,-0.6477085951997149,0.12023714640944744,1.0,0.0,0.0,0.0,1.0,0.0,0.0,0.0,0.0,1.0,1.0,0.0
-0.3946490361261693,-1.8409595180315224,0.2174220763435134,-0.10976490669495889,0.40121562013900736,0.7174300444830882,0.6041549336638066,0.7749639192965228,-0.1985213690970331,-0.1600274393809177,1.0,0.0,0.0,0.0,1.0,0.0,0.0,0.0,1.0,0.0,1.0,0.0
-1.5664849396049645,-0.9346770281226884,0.8849345069423177,-0.31210969587869913,-0.10813145556419468,0.40587344564674416,0.43954200515412767,1.0699935659788689,-0.8677867408792699,-0.5517905220449244,0.0,0.0,1.0,0.0,0.0,0.0,1.0,0.0,0.0,1.0,0.0,1.0
-1.2612972184500038,0.78859881453487,0.7410949581319057,-0.9208776921986465,-0.5852180506906397,0.32018887640290117,0.860501678782758,0.353121456424306,-0.6873679459480413,-0.8066033998266765,0.0,0.0,0.0,1.0,0.0,0.0,1.0,0.0,0.0,1.0,1.0,0.0
-0.11586936898843517,0.22745144264044845,-0.466326221299695,-0.2124793485558659,-0.020570559128613462,-0.48049828519054283,0.21494715421612515,-0.2796731858412942,0.4559731736028205,0.09332098217387617,0.0,0.0,1.0,0.0,0.0,0.0,0.0,1.0,1.0,0.0,1.0,0.0
0.09056772531783423,-1.8561701498221008,0.09239376145261968,0.050711820485198435,-0.4948763405228676,-0.2630758930367012,0.4472718948995465,0.18043658601387902,0.2548483110159129,0.33423244935102,0.0,0.0,1.0,0.0,1.0,0.0,0.0,0.0,1.0,0.0,1.0,0.0
0.552858556173679,0.2589211480152969,-0.5623888101146705,0.23597499251714088,0.4573842659828857,0.3470965647899602,-0.42762763405450044,-0.39930099271126085,0.589742837125132,-0.060030442647611294,0.0,1.0,0.0,0.0,0.0,1.0,0.0,0.0,0.0,1.0,1.0,0.0
-0.03035542617557728,-1.0847931726978464,0.4325633307526975,-0.4937185837143567,-0.5852180506906397,1.188259503599826,0.15837424421582527,0.29784290245983835,-0.24080618015673522,-1.2510129862175967,0.0,0.0,1.0,0.0,0.0,0.0,0.0,1.0,1.0,0.0,1.0,0.0
0.558263219777805,0.18309119925814024,-0.5435670977226215,0.4508438490949902,1.1087704759926478,-0.9913408825407527,-0.9532843361704605,-0.5785300331182122,0.9190991769890674,1.1083628496742541,1.0,0.0,0.0,0.0,0.0,0.0,0.0,1.0,1.0,0.0,1.0,0.0
0.2240969633709556,-0.4414560847244544,0.08586887153921964,-0.13968157141750687,-0.13863344222434118,0.5101419788994992,0.3906775747594945,0.5042177719635633,-0.16464733070187484,-0.9256340139751795,0.0,0.0,0.0,1.0,0.0,0.0,0.0,1.0,1.0,0.0,1.0,0.0
0.06979664853947244,0.010097508501771173,-0.24390543738703332,0.5549287225793822,-0.23464899271487394,-0.24783991253033927,0.23000762400058042,-0.17324218500504882,0.012591267902046935,0.21570531528927914,0.0,0.0,1.0,0.0,1.0,0.0,0.0,0.0,1.0,0.0,1.0,0.0
0.050599528999401434,-0.6467685681626018,0.2240357043320901,-0.449252445966055,-0.1774187220323516,0.33463629413122675,0.12170249184601258,-0.008526126585784218,-0.6190185702801192,-1.0614697260623476,1.0,0.0,0.0,0.0,1.0,0.0,0.0,0.0,1.0,0.0,1.0,0.0
-0.05766186757661543,-0.9499929501353153,0.34133194834320535,-0.2903331461087771,-0.4971647686032168,0.07996504065210489,-0.5519372174269241,0.05502195428071024,-0.3399271324340085,-0.32475230349105094,0.0,1.0,0.0,0.0,0.0,0.0,0.0,1.0,0.0,1.0,1.0,0.0
-0.27769992279058986,-0.014639001977833282,0.09444181619786901,-0.5191319157066336,0.07938703361231887,-0.4399412292487722,0.1540150084350061,0.47000199054472636,-0.13999399379018804,0.1773373635040813,0.0,1.0,0.0,0.0,0.0,1.0,0.0,0.0,0.0,1.0,1.0,0.0
-1.2946684375019082,1.4906556519003802,1.0763619248280212,-0.2780479535410562,-0.5852180506906397,-0.08327266746457958,0.8337319331186218,1.0102506519584507,-0.5168170068321983,-0.933309459958219,0.0,1.0,0.0,0.0,0.0,0.0,0.0,1.0,1.0,0.0,1.0,0.0
0.8044274824557264,0.5450663262288775,-0.64133357959541,0.17299506159036557,1.7205980845988877,-0.15435449990630434,-0.4003478717894291,-0.498683889720789,0.1158316617940733,0.6926495744950568,0.0,0.0,1.0,0.0,0.0,0.0,0.0,1.0,0.0,1.0,1.0,0.0
-1.6386765119176814,1.4906556519003802,1.0795727168061011,-0.2902301938846199,-0.5852180506906397,0.6452317512773315,1.760048503833338,0.8763390267697928,-1.7789917290846784,-0.13299024195367834,0.0,1.0,0.0,0.0,0.0,0.0,1.0,0.0,1.0,0.0,1.0,0.0
0.7693777096419864,0.24016461262088618,-0.7184701589999511,1.1954687988773787,0.9787484704995721,-0.43717538110645576,-0.8213042245242245,-0.8330675730603203,0.3707571638294077,0.2620436934279383,0.0,0.0,1.0,0.0,0.0,1.0,0.0,0.0,1.0,0.0,1.0,0.0
-1.034960806568597,-1.4280771901252778,0.1542620381828704,0.28559849505584545,-0.015587065108798561,-0.3011917521596522,-0.8344670377325973,-0.11166108634565917,0.23997415437345126,0.028746286817137864,1.0,0.0,0.0,0.0,0.0,0.0,0.0,1.0,0.0,1.0,1.0,0.0
-1.2059191254537784,-0.08383908021076675,1.0509747629897632,-0.902184275901745,-0.5852180506906397,1.172843335163684,0.7589259560960572,0.7008117927273747,-0.7496966044016474,0.1307979454055997,0.0,0.0,1.0,0.0,0.0,0.0,1.0,0.0,0.0,1.0,1.0,0.0
0.250559988670184,0.3582968637679193,0.08300866339789457,-0.1410196787073847,-0.5721364857160633,0.10738194764215676,-0.6614446744674672,0.4470623840459849,-0.2979172798907137,0.10616926681045359,0.0,0.0,0.0,1.0,0.0,0.0,1.0,0.0,0.0,1.0,1.0,0.0
-0.20077365778890663,-1.502482262892105,0.12566956756949402,-0.6208048677555009,-0.07626104637867841,-0.2475805547286191,0.4432607198370977,0.63935655224189,-0.37079081496862676,-1.2441370551533562,0.0,1.0,0.0,0.0,0.0,0.0,1.0,0.0,0.0,1.0,1.0,0.0
-0.18947559035110534,0.6334435511115554,-0.47032425853011073,-0.5642463241031475,0.08832853851922602,0.21795970127588607,0.2244143535291213,-0.6664301954924435,-0.07456231171904817,1.5629867263105333,0.0,1.0,0.0,0.0,0.0,1.0,0.0,0.0,0.0,1.0,1.0,0.0
0.09547517082789199,-0.3625515629841838,0.261618832447372,0.3516989452861312,-0.2901739121171448,0.11178646552918095,0.6175210876679245,0.4037580429825679,-0.05412884050433432,0.16134218773150422,0.0,0.0,1.0,0.0,0.0,1.0,0.0,0.0,0.0,1.0,1.0,0.0
0.7375468982138542,0.37890603535435463,-0.5917601663973544,0.9697148769091465,1.0734717787180494,-1.0546493175491631,-0.6007675455857858,-0.8731256147309512,0.30196603190427995,0.595702605757733,1.0,0.0,0.0,0.0,0.0,0.0,1.0,0.0,0.0,1.0,1.0,0.0
-0.16942126549423622,0.1413892094529649,-0.4990070903026171,0.11203529890577958,0.9361562185505574,-0.3941962026473433,-0.1661485410193534,-1.0452200254887414,0.1553047453464862,0.0974048252137434,0.0,0.0,1.0,0.0,0.0,0.0,0.0,1.0,1.0,0.0,1.0,0.0
0.691674679446776,0.27634359678529474,-0.44004329179153495,0.7033893641251591,0.8504336692218464,-0.8070339343240519,-0.6136874796835535,-0.5557618683738275,0.770571660775669,1.1808665018404172,1.0,0.0,0.0,0.0,0.0,0.0,0.0,1.0,1.0,0.0,1.0,0.0
-0.5449693904578677,-0.3056751482090072,0.22252242115441512,-0.2901928643403774,-0.008604320829410945,0.90058632613914,-1.066833502938805,0.2733886922338471,-1.1622688269847559,0.11414637697136903,1.0,0.0,0.0,0.0,0.0,0.0,0.0,1.0,0.0,1.0,1.0,0.0
-0.02679422914788542,0.06626518259639617,0.09896516681332579,-0.029605269903380922,-0.20877480564639023,0.33900796976166775,0.6469072107219134,0.1167019139701233,0.24732407062068393,-0.80769947751669,0.0,0.0,1.0,0.0,0.0,0.0,1.0,0.0,0.0,1.0,1.0,0.0
0.1754103815595486,0.10606461649130715,-0.11682561910989211,0.3094072315422802,0.7538901271396301,-0.10780199025552856,-0.920577711068306,-0.6058640682903972,0.2167121654664052,0.08184825468324364,0.0,0.0,0.0,1.0,0.0,0.0,0.0,1.0,1.0,0.0,1.0,0.0
0.3404646093464278,0.34658572662136805,-0.35851258616613874,1.1666087406289811,0.9560128722219794,-0.4778432008844097,-1.5029583660923858,-0.9420264523021403,0.9506726416944495,0.540779321867532,0.0,0.0,0.0,1.0,0.0,0.0,1.0,0.0,1.0,0.0,1.0,0.0
0.3260714504261134,-0.6691539693608832,0.12983983516291872,-0.7168437371535494,0.3866860215292316,0.10276507029240764,0.005578944974176777,0.3725908401561133,0.11088503117815478,0.103084978756155,0.0,0.0,0.0,1.0,0.0,0.0,1.0,0.0,1.0,0.0,1.0,0.0
0.40792066671012944,0.28806290183094235,-0.5073690905669991,0.8556426936838165,1.0851813703836721,-0.4871831982040008,-0.4613931844581329,-1.1410188571600153,0.22041797931025284,1.3521266677384078,0.0,0.0,0.0,1.0,0.0,1.0,0.0,0.0,1.0,0.0,1.0,0.0
-0.11634571742578755,-0.07278542196158538,0.09875978191509593,-0.1481769971960096,-0.5852180506906397,0.0016872409956581046,0.7302699425240229,0.39426818504615124,-0.38343295392245624,-0.6341442681678015,0.0,1.0,0.0,0.0,0.0,1.0,0.0,0.0,1.0,0.0,1.0,0.0
0.060537127657526175,-0.6691781711016631,0.30253688506994253,0.20383890447958095,-0.5852180506906397,0.11433888823339397,-0.6480470919826051,0.3174779941750411,-0.7511320020031723,0.5670590274428631,0.0,1.0,0.0,0.0,1.0,0.0,0.0,0.0,0.0,1.0,1.0,0.0
-1.517472652574705,-0.7506828626695145,1.1508191514670785,-0.9208776921986465,-0.41912930956504013,0.6400288777101201,0.8323527309159943,0.5500748993587437,-0.12380003467946528,-0.7396948439733981,0.0,0.0,0.0,1.0,1.0,0.0,0.0,0.0,1.0,0.0,1.0,0.0
-0.1462313632175661,0.6078964691406553,-0.3788111562782755,0.3979871608846654,1.050101327934904,-1.004083965274057,-0.22574915912274582,-0.17239041662796037,0.07896053023468834,0.27059206978257583,0.0,0.0,0.0,1.0,1.0,0.0,0.0,0.0,1.0,0.0,1.0,0.0
1.000594698707573,0.3191338167906015,-0.6107093257713287,1.1084647472734468,0.4069153283440306,-0.386564158306008,-0.230500511222534,-0.7430847195496242,0.45351607140758526,2.1134993560099855,1.0,0.0,0.0,0.0,0.0,0.0,0.0,1.0,0.0,1.0,1.0,0.0
-0.23348432980976486,0.4910275242936651,-0.02955210398773144,0.15573233116489277,-0.5852180506906397,0.5292686175307327,0.2093699095797113,0.5149850170546221,-0.3502013893833869,-0.7661765968762412,1.0,0.0,0.0,0.0,1.0,0.0,0.0,0.0,0.0,1.0,1.0,0.0
0.9866469515604672,0.43900380716031584,-0.5761943597803769,0.6741274162025206,1.0891548681452872,-1.0680873700253128,0.18773408519563253,-0.7982590867539835,0.3932689373158399,1.3367672617146762,0.0,0.0,1.0,0.0,0.0,1.0,0.0,0.0,0.0,1.0,1.0,0.0
0.3059011446583355,0.5410082084854851,-0.3795754921717754,0.09098693396452548,0.11630576844283118,-1.0504359831199905,-0.3228003391924649,-0.6039803763932329,0.5519974470890168,0.08083440158895182,0.0,0.0,0.0,1.0,0.0,0.0,1.0,0.0,0.0,1.0,1.0,0.0
0.3947256530015304,-0.47102774898878247,0.14821403186573556,-0.5331039706291082,0.35982677156650383,-0.04455858085946534,-0.03040169083830516,-0.061501745273438733,-0.3050584582489203,0.14013634657778332,0.0,0.0,1.0,0.0,0.0,0.0,0.0,1.0,1.0,0.0,1.0,0.0
-0.30579475466087314,1.1099527824913147,0.14318432849932305,0.1152556061477253,-0.19831451480827175,0.29635366195904117,1.344237718762126,0.40577560803802654,-0.371467784996581,-0.10011632981375251,1.0,0.0,0.0,0.0,0.0,0.0,1.0,0.0,0.0,1.0,1.0,0.0
0.29459534846797397,-0.2996751954420068,-0.6020992441675314,0.23342862420589144,0.30535376124188757,-0.7525882202202276,-0.8604629545545084,-0.8000426122195512,0.03284897435118165,1.0024715548063547,0.0,0.0,0.0,1.0,0.0,1.0,0.0,0.0,0.0,1.0,1.0,0.0
-0.9619539957443737,0.4981190444637038,0.8742026496484205,-0.9208776921986465,-0.4120382081866943,0.1978529812012289,0.44261943595643644,0.8225170932956708,-0.8843662298035938,-0.97569243822431,0.0,0.0,0.0,1.0,0.0,1.0,0.0,0.0,0.0,1.0,1.0,0.0
-1.7901240879724392,-1.950400859647047,0.9333190383733548,-0.9208776921986465,-0.3398511334079662,0.5423940966701666,1.5414829178595373,0.6914847465835486,-0.8658262534982696,-1.1071999789767588,1.0,0.0,0.0,0.0,0.0,0.0,1.0,0.0,0.0,1.0,1.0,0.0
0.20316663134000765,0.553825014727132,-0.1837453896279861,0.19345290310899,-0.2647877956408209,-0.7202067197449997,-0.03995839490416171,-0.237901424879353,0.756094296998202,0.49724181582198107,0.0,1.0,0.0,0.0,1.0,0.0,0.0,0.0,1.0,0.0,1.0,0.0
0.15257769286227496,0.6531679835334558,-0.30196167448611216,-0.0349884543857905,1.0028018698311267,-0.11154603964145131,0.2699573334244677,0.00019904961843325968,0.42721756019870916,-0.30266734569537024,0.0,0.0,0.0,1.0,0.0,0.0,0.0,1.0,1.0,0.0,1.0,0.0
0.4413094509466458,0.11103076271161101,-0.7758943328166472,1.0260553232063816,1.182650899110149,-0.5908813794453426,-0.43329230387725354,-1.0368475748100277,0.6970178613359718,0.14955113163920875,0.0,0.0,0.0,1.0,1.0,0.0,0.0,0.0,0.0,1.0,1.0,0.0
0.4415880281386181,-0.15979286148441052,-0.1565786718654229,0.4316961447192273,0.10530582102892308,-0.38982408453754447,-0.14144103276869974,-0.42834319997067166,0.20951928397543987,-0.1275556577785032,0.0,0.0,0.0,1.0,1.0,0.0,0.0,0.0,1.0,0.0,1.0,0.0
-0.33936257443361556,-0.11630632352268395,0.08665611246918402,-0.21081720130013415,0.16251179991659656,0.0047642406413664126,0.8650813325944159,0.35635238375253947,-0.0485026418478142,-0.11323673973572902,0.0,1.0,0.0,0.0,0.0,1.0,0.0,0.0,0.0,1.0,1.0,0.0
-0.45575256911498213,-0.5003114631600959,0.17652777915432047,-0.5956041492341421,-0.279912508166321,0.46441633807756416,-0.021111784497524183,-0.011853165959276945,-1.230622476254099,-0.44893769697420416,0.0,0.0,1.0,0.0,0.0,1.0,0.0,0.0,1.0,0.0,1.0,0.0
0.9179611796017944,-0.045191784327558535,-0.49664984847171734,1.1572898096798299,1.191087129553223,-0.6121699731498048,-0.5767337605707075,-0.47587711402391775,0.10477557668351098,0.24632068162482776,1.0,0.0,0.0,0.0,0.0,1.0,0.0,0.0,0.0,1.0,1.0,0.0
0.8548413110871618,0.17680733972877613,-0.5779765693980866,1.4305827318282325,1.1431688541755642,-0.6381186629244537,-0.0964118473828806,-0.7969318093344157,0.6817311014765849,1.2508245513171992,0.0,0.0,1.0,0.0,1.0,0.0,0.0,0.0,0.0,1.0,1.0,0.0
0.6249759561539012,0.05282048219543558,-0.4826849812003393,1.0318485367397356,1.2855143828857538,-0.39434748739725506,-0.7167873933484147,-0.7433967802673525,1.1788571494580502,0.27933479124406135,0.0,0.0,1.0,0.0,0.0,0.0,1.0,0.0,0.0,1.0,1.0,0.0
-0.007177031036034731,-1.2765250557044978,0.015691925104986265,-0.9208776921986465,-0.5852180506906397,-0.7842517362482541,-0.240222969067182,0.46260821724029905,-0.031995628481113585,0.7197619980123355,0.0,0.0,1.0,0.0,0.0,0.0,0.0,1.0,1.0,0.0,1.0,0.0
-0.0596292430300575,-0.5424908299207126,-0.2676367541325031,0.17109970105179234,0.3323737798115143,-0.4697276900341468,0.09332679364220825,-0.8524906528950732,0.6070277609505778,0.8797119026385671,0.0,0.0,0.0,1.0,0.0,0.0,0.0,1.0,1.0,0.0,1.0,0.0
-1.6313566365969296,-0.6452763099203876,0.9993300727790193,-0.7055075803117697,-0.3055237590931555,0.3581352613577833,1.3677602584065256,1.0699935659788689,-1.674389065904159,-0.22866026615875204,0.0,0.0,1.0,0.0,0.0,0.0,1.0,0.0,1.0,0.0,1.0,0.0
0.7116429540223412,-0.7018909226495209,-0.484367911873016,0.6230592216077939,0.23360452745951202,-0.5164064883269228,-0.1007585015070448,0.01736118287288911,0.36307627908431933,0.047002714859721066,0.0,1.0,0.0,0.0,0.0,0.0,1.0,0.0,0.0,1.0,1.0,0.0
0.14355372163833172,0.0448553500546058,-0.26789525369210165,-0.6369838990056358,-0.10246424648009028,-0.4341381574037067,-0.5481882437040433,-0.11592967746285392,0.2974306064526506,0.16062804460481273,1.0,0.0,0.0,0.0,0.0,1.0,0.0,0.0,1.0,0.0,1.0,0.0
-0.22910011807768543,-0.8081793445007868,1.0862769654531048,-0.49234784029816103,-0.5852180506906397,0.4394839149288854,1.2166138746115547,1.0699935659788689,-0.25244254510297753,-1.7405098279962359,0.0,0.0,1.0,0.0,0.0,0.0,0.0,1.0,0.0,1.0,1.0,0.0
0.4912513313921457,0.4173580240466069,-0.4606068876771737,0.9885986648224215,0.8610671005714412,-0.9115543670352904,-0.7885733807636475,-0.48514374485598905,0.10252174568854021,0.5475068716776837,0.0,0.0,0.0,1.0,1.0,0.0,0.0,0.0,1.0,0.0,1.0,0.0
-0.595828419943897,0.6002717832941596,0.8265313767573389,-0.9208776921986465,-0.542606768907787,1.2856400586473204,1.0629355499703061,0.8360547797713155,-0.03126773457594759,-1.4297120787764115,0.0,1.0,0.0,0.0,1.0,0.0,0.0,0.0,0.0,1.0,1.0,0.0
-0.5227709841004862,0.45083581270488055,0.2702172516969003,-0.0004449942994023591,-0.5852180506906397,-0.13917995214861353,0.816989955563279,-0.012921148877942606,0.32275662371511615,0.26928399690158744,0.0,1.0,0.0,0.0,0.0,1.0,0.0,0.0,1.0,0.0,1.0,0.0
0.7172536997951696,-0.6313518791409757,-0.25532739937069104,-0.3272354151718428,-0.0450414780228835,-0.8577088824265394,-0.5664863176643933,-0.5856731409896795,0.4272325552017345,0.7677635953707402,0.0,1.0,0.0,0.0,1.0,0.0,0.0,0.0,1.0,0.0,1.0,0.0
-0.6524632551745454,-1.7251277255151567,0.20345059343135055,-0.2884068404702361,0.26505367221796344,-0.27641874208102557,0.07237364351574523,0.5027169396942803,0.3282134655423987,1.0933616270311057,0.0,0.0,0.0,1.0,1.0,0.0,0.0,0.0,0.0,1.0,1.0,0.0
-1.6019962292389354,-1.67340422654657,1.022922980072016,-0.1365509439536875,-0.5852180506906397,0.8711549935892817,1.0482923698804991,0.6929279609438825,-0.5310142426086435,-0.5099654164216509,0.0,0.0,0.0,1.0,0.0,0.0,1.0,0.0,1.0,0.0,1.0,0.0
-0.5311887574787845,0.7596865762597699,0.24947862872379697,0.12244014706360294,-0.34450368239333545,0.550072909611805,0.8834375750245829,0.20294688583409187,0.10171459741983233,-0.8364615473086501,0.0,0.0,1.0,0.0,0.0,0.0,1.0,0.0,1.0,0.0,1.0,0.0
0.008711624221451601,0.02798330136393136,-0.15664135207749608,0.6647448034583772,-0.35048382560614766,-0.806345541016741,-0.21579960303917325,-0.22509675219824407,0.5478304682441189,1.0332773307537095,1.0,0.0,0.0,0.0,1.0,0.0,0.0,0.0,1.0,0.0,1.0,0.0
-0.5066397480485044,0.4771973835584613,0.8972877892558937,-0.6490390207605351,-0.5852180506906397,1.0235033185594233,0.8281933205678155,0.3544009823093038,-1.0468218506156122,-0.7695330330515022,0.0,0.0,1.0,0.0,0.0,0.0,1.0,0.0,0.0,1.0,1.0,0.0
0.2959494352331423,0.9219810146207676,-0.3187791100454969,-0.6878178250850461,-0.1395480436847566,-0.36105109626164766,-0.45091973712685124,-0.026058289528840203,0.5378510994410043,1.301650941254312,0.0,0.0,1.0,0.0,0.0,0.0,0.0,1.0,1.0,0.0,1.0,0.0
-0.4850311012074097,0.6534513290142595,-0.7528940276598167,0.34300524347237626,1.1995729786862366,-0.6863081290582504,0.23503163551983355,-0.26661473757000353,1.1920226826037088,1.4640452165998847,1.0,0.0,0.0,0.0,0.0,0.0,1.0,0.0,0.0,1.0,1.0,0.0
0.5284263543880109,0.2895243446100351,-0.6736573085591503,0.9869961953144134,0.8594204799564913,-0.7713683857331585,-0.38593050591081757,-0.23349675505203793,0.9299209489120505,0.2234233520014669,0.0,0.0,1.0,0.0,0.0,0.0,1.0,0.0,1.0,0.0,1.0,0.0
-0.06200886225718707,0.015178930656927556,0.2934493654420397,0.20877404755662995,0.12765884737486682,0.12542552391805115,-0.034914068371813975,-0.37633301825204624,0.510271450129777,-0.3438678381834065,0.0,0.0,1.0,0.0,0.0,0.0,1.0,0.0,1.0,0.0,1.0,0.0
-0.08188336339790575,-1.950400859647047,0.261109333244434,-0.07970795855230892,-0.3568469956813978,0.39973628671475936,0.8735127932210489,0.00938272531772863,-0.08704319922079432,0.1909038601678642,0.0,1.0,0.0,0.0,0.0,1.0,0.0,0.0,0.0,1.0,1.0,0.0
-0.008722679260422755,0.6087108675322518,0.189323515739173,-0.7578994046265907,-0.09322822294153817,0.2628963182633511,0.1642493959071642,-0.06669471972765573,-0.8279808782103131,-0.26908355583120624,0.0,0.0,1.0,0.0,0.0,1.0,0.0,0.0,0.0,1.0,1.0,0.0
0.6399380028595818,-0.04663368983470841,-0.33016164998208974,-0.4757380627240317,0.2141875335737576,-0.6885842776110309,0.15218570715780566,-0.4165965050175869,-0.2148364108643155,1.2698294191740003,0.0,1.0,0.0,0.0,0.0,1.0,0.0,0.0,1.0,0.0,1.0,0.0
-0.3961238668577705,-1.5813186675957682,0.14088611688936906,-0.5247642362800418,-0.5852180506906397,0.04041679135383881,0.3309195337108096,0.0605358609990928,-0.0018685755375173337,0.05946497158893569,0.0,0.0,0.0,1.0,0.0,0.0,0.0,1.0,0.0,1.0,1.0,0.0
-0.7480586098603835,-1.950400859647047,0.0568015349398511,0.21275695921764856,-0.5534887371612368,0.3065833511616855,0.0508392498551629,-0.00019904961843300841,-0.19785901751421026,0.1837642268508366,0.0,0.0,0.0,1.0,0.0,0.0,0.0,1.0,1.0,0.0,1.0,0.0
-1.5763273670471898,0.4112553371895664,0.9494266701431617,-0.7014286683433929,-0.5852180506906397,0.42052971741179357,0.67908411820545,0.02977213925576016,-1.414957003827633,-0.4179106696268425,1.0,0.0,0.0,0.0,0.0,0.0,1.0,0.0,1.0,0.0,1.0,0.0
0.9134940482772006,-0.07166780758001133,-0.42465904669443516,1.1739422087176679,1.4162643904144585,-1.0680873700253128,-0.4696096402171077,-0.7115734701405403,0.7980813961215868,-0.39490760893384974,0.0,0.0,0.0,1.0,0.0,0.0,0.0,1.0,1.0,0.0,1.0,0.0
0.5873794874788427,0.05520502760379853,-0.5797501568042464,0.5960483280991998,1.4333199318471255,-0.5507974396153938,-0.8274171284451617,-0.7699296720436887,0.8598560585611751,0.9404570503632,1.0,0.0,0.0,0.0,1.0,0.0,0.0,0.0,1.0,0.0,1.0,0.0
0.3700595403863506,-0.2179597483591499,-0.21323757710020597,0.726443016846145,0.11929874155366471,-0.7476843141685903,-0.6248371611888819,-0.4300556041059539,0.6946009823683866,0.20010384366276884,0.0,0.0,1.0,0.0,0.0,0.0,1.0,0.0,0.0,1.0,1.0,0.0
-1.4915445118924253,-1.9408649944943512,0.8292259301741692,0.00674569940497553,-0.5852180506906397,1.484185397503612,1.2936366513950979,0.6783022122695486,-0.9341596617220199,-0.2847569064371022,0.0,1.0,0.0,0.0,0.0,0.0,1.0,0.0,0.0,1.0,1.0,0.0
1.3743293420991949,0.14568962529298063,-0.6193651642338727,1.8061389237906025,0.4606879683268773,-0.71613709316862,-1.0802501217038296,-0.7136064069318416,1.5444082694479138,1.1529010358812233,0.0,1.0,0.0,0.0,0.0,1.0,0.0,0.0,1.0,0.0,1.0,0.0
-0.9088604759085376,-1.950400859647047,1.0383888081346992,-0.35015654925359435,-0.5052858855175274,0.8259576209996918,0.46913027899678794,0.6167410319118947,-1.3746752737199428,-1.1739700236349178,0.0,1.0,0.0,0.0,0.0,0.0,1.0,0.0,1.0,0.0,1.0,0.0
1.466434812154313,0.2587455308835992,-0.5694748150780935,1.1226003599683727,0.7111736842409804,-0.011383823407514424,-0.6815825889404843,-0.4872680824338884,0.6450971156571689,0.6742597733366361,0.0,0.0,1.0,0.0,0.0,0.0,1.0,0.0,1.0,0.0,1.0,0.0
-0.19659083617917492,-0.41264820044182304,0.18090105200613882,-0.6341868502485847,-0.405185528960945,-0.5505791172782867,-0.03400844699466806,0.42724419803438785,-0.3307374311282722,-0.9167466796639252,0.0,1.0,0.0,0.0,0.0,1.0,0.0,0.0,0.0,1.0,1.0,0.0
-0.9900387047750288,-0.49953201358924476,0.9379079697018836,-0.5525669787378555,-0.3879520442747286,0.7276317279021783,1.0015883837832686,0.7495769118877719,-0.33771298596117205,-0.9431957355927705,0.0,0.0,0.0,1.0,0.0,1.0,0.0,0.0,1.0,0.0,1.0,0.0
-0.877572092718265,-1.1691318904086583,1.2197234934077634,-0.5008574495070587,-0.5852180506906397,0.9677014452409635,0.7048610582574826,0.8485890109471782,-1.7995850300203815,-1.4395693713559434,0.0,0.0,1.0,0.0,0.0,0.0,0.0,1.0,0.0,1.0,1.0,0.0
0.37436995151677965,0.3297623025261042,-0.6333966168859891,0.8120424779717584,1.1195649983538525,-0.7943032033779092,-0.7871045139137154,-0.43872549275133804,0.6399533270669516,-0.34004882315483215,0.0,1.0,0.0,0.0,1.0,0.0,0.0,0.0,1.0,0.0,1.0,0.0
-0.37036865963966253,-0.2639553673650451,-0.36147164716375807,0.10606747629087758,-0.19405238736530195,0.2290333905856853,-0.37012264100613895,0.6669398199980021,-0.21878235047087155,-0.6751191750855842,0.0,1.0,0.0,0.0,1.0,0.0,0.0,0.0,0.0,1.0,1.0,0.0
0.17278553733521484,0.26382140157323625,-0.329099446326399,0.18845957605021654,0.04563613823626776,-0.7925419681576298,-1.0505497079128352,-0.22309092719838758,0.7578057927678632,0.8461492862668528,1.0,0.0,0.0,0.0,0.0,0.0,1.0,0.0,1.0,0.0,1.0,0.0
0.09094986681862517,-0.07206599880456888,-0.26428986146277034,0.8143317974378265,0.18672630614521316,-0.34024845099004347,-0.0499784720288567,-0.22367656631693578,0.3685632810324205,-0.18953059523277468,0.0,0.0,1.0,0.0,0.0,0.0,1.0,0.0,1.0,0.0,1.0,0.0
1.1581926576469594,0.1358249262676555,-0.5838577048732952,1.1450531889265294,1.3552662475358077,-0.682120742085507,-0.5336236072698984,-0.6172393173260863,1.1872667987493457,1.1255386409994572,0.0,0.0,1.0,0.0,0.0,0.0,0.0,1.0,1.0,0.0,1.0,0.0
0.8720226471257148,0.5222564121055752,-0.3543671133380842,1.1459442791594516,0.6624099706009206,-0.8068994989138555,-0.6038855540038361,-0.8518179048346568,0.6701830024910512,0.48493842284721506,0.0,0.0,1.0,0.0,1.0,0.0,0.0,0.0,0.0,1.0,1.0,0.0
-0.0844781089121382,0.10690640757890765,-0.11495545893378115,-0.48387216531696225,-0.35570667401650985,0.5454001097864195,0.716733695568109,0.10652807146118495,0.23268728856143236,-0.9126663507446593,1.0,0.0,0.0,0.0,0.0,1.0,0.0,0.0,1.0,0.0,1.0,0.0
-0.2268873634945984,-0.7203586424561104,0.20181787484139063,-0.007266809351032554,-0.5852180506906397,0.5516443134666582,-0.1176384617881839,0.2753287952024824,0.3720176796649737,0.08897705426062924,1.0,0.0,0.0,0.0,1.0,0.0,0.0,0.0,1.0,0.0,1.0,0.0
0.6488885256102627,-0.18281586048442902,0.007854909577427537,0.030735491981006707,0.13119290627098731,0.13262236113482725,-0.02554062764442456,-0.1432550269660256,-0.2993181279177814,-0.3898139041623792,0.0,0.0,1.0,0.0,1.0,0.0,0.0,0.0,0.0,1.0,1.0,0.0
1.2522145348158797,0.27463998060284467,-0.47841459320676605,1.3560027897096465,1.4423902147591638,-0.5499013917030704,-1.4832095243476855,-0.6778542556441474,1.2847590344252116,0.5165691356104634,0.0,0.0,1.0,0.0,0.0,0.0,1.0,0.0,1.0,0.0,1.0,0.0
-1.3700997517229119,0.5645293395985169,0.9724351729925229,-0.4164196444831474,-0.5852180506906397,1.0794054308394,0.7864076658924657,0.8682654498494955,-0.28168254734994796,-1.9357543480647594,0.0,1.0,0.0,0.0,0.0,1.0,0.0,0.0,0.0,1.0,0.0,1.0
-0.024840080253381996,-0.9197198963599634,-0.21453762964711873,-0.23665239275240973,-0.5852180506906397,0.22675520904130034,0.22166492279134017,-0.1045931955245433,-0.27530970751069084,-0.15497629437437282,0.0,1.0,0.0,0.0,0.0,0.0,0.0,1.0,1.0,0.0,1.0,0.0
-0.9429547447623543,1.3735846083501615,1.0868738859611853,-0.1781428683891168,-0.09810241092158514,0.6368453697543254,0.9910447083842767,0.610666899804792,-0.7630835557741498,-1.4549768478680438,1.0,0.0,0.0,0.0,0.0,0.0,0.0,1.0,1.0,0.0,1.0,0.0
0.16189345212095568,-1.1343530971041573,0.12239426588778064,-0.26436566647847975,-0.2153889333237679,0.36414400671978137,0.13995629787172253,0.009745339510745646,-0.47537448478553174,-0.537167804338323,0.0,1.0,0.0,0.0,0.0,1.0,0.0,0.0,1.0,0.0,1.0,0.0
